sample_id,study_id,material,sequencing_method,collection_date,latitude,longitude,depth,study_name
SRS12324658,SRP364979,aquatic;sea,AMPLICON,2020-08-01,45.7005556,13.70999999,NA,Trieste_time_series
SRS12324657,SRP364979,aquatic;sea,AMPLICON,2020-07-01,45.7005556,13.70999999,NA,Trieste_time_series
SRS12324656,SRP364979,aquatic;sea,AMPLICON,2020-06-01,45.7005556,13.70999999,NA,Trieste_time_series
SRS12324655,SRP364979,aquatic;sea,AMPLICON,2020-05-01,45.7005556,13.70999999,NA,Trieste_time_series
SRS12324654,SRP364979,aquatic;sea,AMPLICON,2020-04-01,45.7005556,13.70999999,NA,Trieste_time_series
SRS12324653,SRP364979,aquatic;sea,AMPLICON,2020-03-01,45.7005556,13.70999999,NA,Trieste_time_series
SRS12324652,SRP364979,aquatic;sea,AMPLICON,2020-02-01,45.7005556,13.70999999,NA,Trieste_time_series
SRS12324651,SRP364979,aquatic;sea,AMPLICON,2021-07-01,45.7005556,13.70999999,NA,Trieste_time_series
SRS12324650,SRP364979,aquatic;sea,AMPLICON,2018-12-01,45.7005556,13.70999999,NA,Trieste_time_series
SRS12324649,SRP364979,aquatic;sea,AMPLICON,2021-06-01,45.7005556,13.70999999,NA,Trieste_time_series
SRS12324648,SRP364979,aquatic;sea,AMPLICON,2021-05-01,45.7005556,13.70999999,NA,Trieste_time_series
SRS12324647,SRP364979,aquatic;sea,AMPLICON,2021-04-01,45.7005556,13.70999999,NA,Trieste_time_series
SRS12324646,SRP364979,aquatic;sea,AMPLICON,2021-03-01,45.7005556,13.70999999,NA,Trieste_time_series
SRS12324645,SRP364979,aquatic;sea,AMPLICON,2021-02-01,45.7005556,13.70999999,NA,Trieste_time_series
SRS12324644,SRP364979,aquatic;sea,AMPLICON,2021-01-01,45.7005556,13.70999999,NA,Trieste_time_series
SRS12324643,SRP364979,aquatic;sea,AMPLICON,2020-12-01,45.7005556,13.70999999,NA,Trieste_time_series
SRS12324642,SRP364979,aquatic;sea,AMPLICON,2020-11-01,45.7005556,13.70999999,NA,Trieste_time_series
SRS12324641,SRP364979,aquatic;sea,AMPLICON,2020-10-01,45.7005556,13.70999999,NA,Trieste_time_series
SRS12324640,SRP364979,aquatic;sea,AMPLICON,2020-09-01,45.7005556,13.70999999,NA,Trieste_time_series
SRS12324639,SRP364979,aquatic;sea,AMPLICON,2018-11-01,45.7005556,13.70999999,NA,Trieste_time_series
SRS12324638,SRP364979,aquatic;sea,AMPLICON,2018-10-01,45.7005556,13.70999999,NA,Trieste_time_series
SRS18025957,SRP364979,aquatic;sea,AMPLICON,2021-08-01,45.7005556,13.70999999,NA,Trieste_time_series
SRS18025954,SRP364979,aquatic;sea,AMPLICON,2021-09-01,45.7005556,13.70999999,NA,Trieste_time_series
SRS18025953,SRP364979,aquatic;sea,AMPLICON,2021-10-01,45.7005556,13.70999999,NA,Trieste_time_series
SRS18025956,SRP364979,aquatic;sea,AMPLICON,2021-11-01,45.7005556,13.70999999,NA,Trieste_time_series
SRS18025952,SRP364979,aquatic;sea,AMPLICON,2021-12-01,45.7005556,13.70999999,NA,Trieste_time_series
SRS10366652,SRP339229,aquatic;sea,AMPLICON,2019-10-01,45.7005556,13.70999999,NA,Trieste_time_series
SRS10366651,SRP339229,aquatic;sea,AMPLICON,2019-09-01,45.7005556,13.70999999,NA,Trieste_time_series
SRS10366650,SRP339229,aquatic;sea,AMPLICON,2019-08-01,45.7005556,13.70999999,NA,Trieste_time_series
SRS10366649,SRP339229,aquatic;sea,AMPLICON,2019-07-01,45.7005556,13.70999999,NA,Trieste_time_series
SRS10366648,SRP339229,aquatic;sea,AMPLICON,2019-06-01,45.7005556,13.70999999,NA,Trieste_time_series
SRS10366647,SRP339229,aquatic;sea,AMPLICON,2019-05-01,45.7005556,13.70999999,NA,Trieste_time_series
SRS10366646,SRP339229,aquatic;sea,AMPLICON,2019-04-01,45.7005556,13.70999999,NA,Trieste_time_series
SRS10366645,SRP339229,aquatic;sea,AMPLICON,2019-03-01,45.7005556,13.70999999,NA,Trieste_time_series
SRS10366644,SRP339229,aquatic;sea,AMPLICON,2020-01-01,45.7005556,13.70999999,NA,Trieste_time_series
SRS10366643,SRP339229,aquatic;sea,AMPLICON,2019-12-01,45.7005556,13.70999999,NA,Trieste_time_series
SRS10366642,SRP339229,aquatic;sea,AMPLICON,2019-11-01,45.7005556,13.70999999,NA,Trieste_time_series
SRS10366640,SRP339229,aquatic;sea,AMPLICON,2019-02-01,45.7005556,13.70999999,NA,Trieste_time_series
SRS10366641,SRP339229,aquatic;sea,AMPLICON,2019-01-01,45.7005556,13.70999999,NA,Trieste_time_series
SRS12326414,SRP364989,aquatic;sea,AMPLICON,2019-07-01,45.7005556,13.70999999,NA,Trieste_time_series
SRS12326413,SRP364989,aquatic;sea,AMPLICON,2019-06-01,45.7005556,13.70999999,NA,Trieste_time_series
SRS12326412,SRP364989,aquatic;sea,AMPLICON,2019-05-01,45.7005556,13.70999999,NA,Trieste_time_series
SRS12326411,SRP364989,aquatic;sea,AMPLICON,2019-04-01,45.7005556,13.70999999,NA,Trieste_time_series
SRS12326410,SRP364989,aquatic;sea,AMPLICON,2019-03-01,45.7005556,13.70999999,NA,Trieste_time_series
SRS12326409,SRP364989,aquatic;sea,AMPLICON,2019-02-01,45.7005556,13.70999999,NA,Trieste_time_series
SRS12326408,SRP364989,aquatic;sea,AMPLICON,2021-07-01,45.7005556,13.70999999,NA,Trieste_time_series
SRS12326407,SRP364989,aquatic;sea,AMPLICON,2021-06-01,45.7005556,13.70999999,NA,Trieste_time_series
SRS12326406,SRP364989,aquatic;sea,AMPLICON,2021-05-01,45.7005556,13.70999999,NA,Trieste_time_series
SRS12326405,SRP364989,aquatic;sea,AMPLICON,2021-04-01,45.7005556,13.70999999,NA,Trieste_time_series
SRS12326404,SRP364989,aquatic;sea,AMPLICON,2019-01-01,45.7005556,13.70999999,NA,Trieste_time_series
SRS12326403,SRP364989,aquatic;sea,AMPLICON,2021-03-01,45.7005556,13.70999999,NA,Trieste_time_series
SRS12326402,SRP364989,aquatic;sea,AMPLICON,2021-02-01,45.7005556,13.70999999,NA,Trieste_time_series
SRS12326401,SRP364989,aquatic;sea,AMPLICON,2021-01-01,45.7005556,13.70999999,NA,Trieste_time_series
SRS12326400,SRP364989,aquatic;sea,AMPLICON,2020-12-01,45.7005556,13.70999999,NA,Trieste_time_series
SRS12326399,SRP364989,aquatic;sea,AMPLICON,2020-11-01,45.7005556,13.70999999,NA,Trieste_time_series
SRS12326398,SRP364989,aquatic;sea,AMPLICON,2020-10-01,45.7005556,13.70999999,NA,Trieste_time_series
SRS12326397,SRP364989,aquatic;sea,AMPLICON,2020-09-01,45.7005556,13.70999999,NA,Trieste_time_series
SRS12326396,SRP364989,aquatic;sea,AMPLICON,2020-08-01,45.7005556,13.70999999,NA,Trieste_time_series
SRS12326395,SRP364989,aquatic;sea,AMPLICON,2020-07-01,45.7005556,13.70999999,NA,Trieste_time_series
SRS12326394,SRP364989,aquatic;sea,AMPLICON,2020-06-01,45.7005556,13.70999999,NA,Trieste_time_series
SRS12326393,SRP364989,aquatic;sea,AMPLICON,2018-12-01,45.7005556,13.70999999,NA,Trieste_time_series
SRS12326392,SRP364989,aquatic;sea,AMPLICON,2020-05-01,45.7005556,13.70999999,NA,Trieste_time_series
SRS12326391,SRP364989,aquatic;sea,AMPLICON,2020-04-01,45.7005556,13.70999999,NA,Trieste_time_series
SRS12326390,SRP364989,aquatic;sea,AMPLICON,2020-03-01,45.7005556,13.70999999,NA,Trieste_time_series
SRS12326389,SRP364989,aquatic;sea,AMPLICON,2020-02-01,45.7005556,13.70999999,NA,Trieste_time_series
SRS12326388,SRP364989,aquatic;sea,AMPLICON,2020-01-01,45.7005556,13.70999999,NA,Trieste_time_series
SRS12326387,SRP364989,aquatic;sea,AMPLICON,2019-12-01,45.7005556,13.70999999,NA,Trieste_time_series
SRS12326386,SRP364989,aquatic;sea,AMPLICON,2019-11-01,45.7005556,13.70999999,NA,Trieste_time_series
SRS12326385,SRP364989,aquatic;sea,AMPLICON,2019-10-01,45.7005556,13.70999999,NA,Trieste_time_series
SRS12326384,SRP364989,aquatic;sea,AMPLICON,2019-09-01,45.7005556,13.70999999,NA,Trieste_time_series
SRS12326383,SRP364989,aquatic;sea,AMPLICON,2019-08-01,45.7005556,13.70999999,NA,Trieste_time_series
SRS12326382,SRP364989,aquatic;sea,AMPLICON,2018-11-01,45.7005556,13.70999999,NA,Trieste_time_series
SRS12326381,SRP364989,aquatic;sea,AMPLICON,2018-10-01,45.7005556,13.70999999,NA,Trieste_time_series
SRS18024501,SRP364989,aquatic;sea,AMPLICON,2021-12-01,45.7005556,13.70999999,NA,Trieste_time_series
SRS18024500,SRP364989,aquatic;sea,AMPLICON,2021-11-01,45.7005556,13.70999999,NA,Trieste_time_series
SRS18024499,SRP364989,aquatic;sea,AMPLICON,2021-10-01,45.7005556,13.70999999,NA,Trieste_time_series
SRS18024498,SRP364989,aquatic;sea,AMPLICON,2021-09-01,45.7005556,13.70999999,NA,Trieste_time_series
SRS18024497,SRP364989,aquatic;sea,AMPLICON,2021-08-01,45.7005556,13.70999999,NA,Trieste_time_series
ERS14837208,ERP145943,aquatic;sea,AMPLICON,2018-10-11,45.54875,13.5507,1,Trieste_time_series
ERS14837210,ERP145943,aquatic;sea,AMPLICON,2019-01-28,45.54875,13.5507,21,Trieste_time_series
ERS14837211,ERP145943,aquatic;sea,AMPLICON,2019-12-17,45.54875,13.5507,21,Trieste_time_series
ERS14837212,ERP145943,aquatic;sea,AMPLICON,2020-08-20,45.54875,13.5507,1,Trieste_time_series
ERS14837216,ERP145943,aquatic;sea,AMPLICON,2021-05-18,45.54875,13.5507,5,Trieste_time_series
ERS14837218,ERP145943,aquatic;sea,AMPLICON,2021-10-04,45.54875,13.5507,10,Trieste_time_series
ERS14837226,ERP145943,aquatic;sea,AMPLICON,2021-02-16,45.54875,13.5507,1,Trieste_time_series
ERS14837227,ERP145943,aquatic;sea,AMPLICON,2021-10-14,45.54875,13.5507,1,Trieste_time_series
ERS14837228,ERP145943,aquatic;sea,AMPLICON,2021-06-15,45.54875,13.5507,5,Trieste_time_series
ERS14837229,ERP145943,aquatic;sea,AMPLICON,2021-02-16,45.54875,13.5507,10,Trieste_time_series
ERS14837232,ERP145943,aquatic;sea,AMPLICON,2018-12-19,45.54875,13.5507,1,Trieste_time_series
ERS14837233,ERP145943,aquatic;sea,AMPLICON,2019-06-13,45.54875,13.5507,1,Trieste_time_series
ERS14837236,ERP145943,aquatic;sea,AMPLICON,2020-12-21,45.54875,13.5507,1,Trieste_time_series
ERS14837238,ERP145943,aquatic;sea,AMPLICON,2021-03-16,45.54875,13.5507,1,Trieste_time_series
ERS14837241,ERP145943,aquatic;sea,AMPLICON,2021-03-16,45.54875,13.5507,10,Trieste_time_series
ERS14837242,ERP145943,aquatic;sea,AMPLICON,2021-12-02,45.54875,13.5507,10,Trieste_time_series
ERS14837243,ERP145943,aquatic;sea,AMPLICON,2021-07-13,45.54875,13.5507,15,Trieste_time_series
ERS14837245,ERP145943,aquatic;sea,AMPLICON,2019-07-11,45.54875,13.5507,1,Trieste_time_series
ERS14837249,ERP145943,aquatic;sea,AMPLICON,2020-06-22,45.54875,13.5507,21,Trieste_time_series
ERS14837250,ERP145943,aquatic;sea,AMPLICON,2021-04-22,45.54875,13.5507,1,Trieste_time_series
ERS14837252,ERP145943,aquatic;sea,AMPLICON,2021-08-10,45.54875,13.5507,5,Trieste_time_series
ERS14837253,ERP145943,aquatic;sea,AMPLICON,2021-04-22,45.54875,13.5507,10,Trieste_time_series
ERS14837254,ERP145943,aquatic;sea,AMPLICON,2021-12-14,45.54875,13.5507,10,Trieste_time_series
ERS14837255,ERP145943,aquatic;sea,AMPLICON,2021-08-10,45.54875,13.5507,15,Trieste_time_series
ERS14837258,ERP145943,aquatic;sea,AMPLICON,2019-06-13,45.54875,13.5507,21,Trieste_time_series
ERS14837260,ERP145943,aquatic;sea,AMPLICON,2020-11-26,45.54875,13.5507,1,Trieste_time_series
ERS14837263,ERP145943,aquatic;sea,AMPLICON,2021-01-19,45.54875,13.5507,5,Trieste_time_series
ERS14837264,ERP145943,aquatic;sea,AMPLICON,2021-10-04,45.54875,13.5507,5,Trieste_time_series
ERS14837268,ERP145943,aquatic;sea,AMPLICON,2018-12-19,45.54875,13.5507,21,Trieste_time_series
ERS14837271,ERP145943,aquatic;sea,AMPLICON,2020-05-22,45.54875,13.5507,1,Trieste_time_series
ERS14837274,ERP145943,aquatic;sea,AMPLICON,2021-06-15,45.54875,13.5507,1,Trieste_time_series
ERS14837275,ERP145943,aquatic;sea,AMPLICON,2021-02-16,45.54875,13.5507,5,Trieste_time_series
ERS14837276,ERP145943,aquatic;sea,AMPLICON,2021-10-14,45.54875,13.5507,5,Trieste_time_series
ERS14837278,ERP145943,aquatic;sea,AMPLICON,2021-02-16,45.54875,13.5507,15,Trieste_time_series
ERS14837279,ERP145943,aquatic;sea,AMPLICON,2021-10-14,45.54875,13.5507,15,Trieste_time_series
ERS14837280,ERP145943,aquatic;sea,AMPLICON,2019-01-28,45.54875,13.5507,1,Trieste_time_series
ERS14837281,ERP145943,aquatic;sea,AMPLICON,2019-11-27,45.54875,13.5507,1,Trieste_time_series
ERS14837282,ERP145943,aquatic;sea,AMPLICON,2019-08-19,45.54875,13.5507,21,Trieste_time_series
ERS14837284,ERP145943,aquatic;sea,AMPLICON,2020-11-26,45.54875,13.5507,21,Trieste_time_series
ERS14837292,ERP145943,aquatic;sea,AMPLICON,2019-02-21,45.54875,13.5507,1,Trieste_time_series
ERS14837293,ERP145943,aquatic;sea,AMPLICON,2019-12-17,45.54875,13.5507,1,Trieste_time_series
ERS14837295,ERP145943,aquatic;sea,AMPLICON,2020-07-23,45.54875,13.5507,1,Trieste_time_series
ERS14837296,ERP145943,aquatic;sea,AMPLICON,2020-01-31,45.54875,13.5507,21,Trieste_time_series
ERS14837303,ERP145943,aquatic;sea,AMPLICON,2021-12-14,45.54875,13.5507,15,Trieste_time_series
ERS14837304,ERP145943,aquatic;sea,AMPLICON,2021-02-16,45.54875,13.5507,21,Trieste_time_series
ERS14837305,ERP145943,aquatic;sea,AMPLICON,2021-05-18,45.54875,13.5507,21,Trieste_time_series
ERS14837308,ERP145943,aquatic;sea,AMPLICON,2021-06-15,45.54875,13.5507,21,Trieste_time_series
ERS14837310,ERP145943,aquatic;sea,AMPLICON,2021-08-10,45.54875,13.5507,21,Trieste_time_series
ERS14837312,ERP145943,aquatic;sea,AMPLICON,2021-10-14,45.54875,13.5507,21,Trieste_time_series
ERS14837314,ERP145943,aquatic;sea,AMPLICON,2021-01-19,45.54875,13.5507,21,Trieste_time_series
ERS14837209,ERP145943,aquatic;sea,AMPLICON,2019-04-18,45.54875,13.5507,1,Trieste_time_series
ERS14837213,ERP145943,aquatic;sea,AMPLICON,2020-02-12,45.54875,13.5507,21,Trieste_time_series
ERS14837214,ERP145943,aquatic;sea,AMPLICON,2021-01-19,45.54875,13.5507,1,Trieste_time_series
ERS14837215,ERP145943,aquatic;sea,AMPLICON,2021-10-04,45.54875,13.5507,1,Trieste_time_series
ERS14837217,ERP145943,aquatic;sea,AMPLICON,2021-01-19,45.54875,13.5507,10,Trieste_time_series
ERS14837219,ERP145943,aquatic;sea,AMPLICON,2021-05-18,45.54875,13.5507,15,Trieste_time_series
ERS14837220,ERP145943,aquatic;sea,AMPLICON,2018-11-23,45.54875,13.5507,1,Trieste_time_series
ERS14837221,ERP145943,aquatic;sea,AMPLICON,2019-05-17,45.54875,13.5507,1,Trieste_time_series
ERS14837222,ERP145943,aquatic;sea,AMPLICON,2019-02-21,45.54875,13.5507,21,Trieste_time_series
ERS14837223,ERP145943,aquatic;sea,AMPLICON,2019-11-27,45.54875,13.5507,21,Trieste_time_series
ERS14837224,ERP145943,aquatic;sea,AMPLICON,2020-09-17,45.54875,13.5507,1,Trieste_time_series
ERS14837225,ERP145943,aquatic;sea,AMPLICON,2020-04-28,45.54875,13.5507,21,Trieste_time_series
ERS14837230,ERP145943,aquatic;sea,AMPLICON,2021-10-14,45.54875,13.5507,10,Trieste_time_series
ERS14837231,ERP145943,aquatic;sea,AMPLICON,2021-06-15,45.54875,13.5507,15,Trieste_time_series
ERS14837234,ERP145943,aquatic;sea,AMPLICON,2019-04-18,45.54875,13.5507,21,Trieste_time_series
ERS14837235,ERP145943,aquatic;sea,AMPLICON,2020-01-31,45.54875,13.5507,1,Trieste_time_series
ERS14837237,ERP145943,aquatic;sea,AMPLICON,2020-05-22,45.54875,13.5507,21,Trieste_time_series
ERS14837239,ERP145943,aquatic;sea,AMPLICON,2021-12-02,45.54875,13.5507,1,Trieste_time_series
ERS14837240,ERP145943,aquatic;sea,AMPLICON,2021-07-13,45.54875,13.5507,5,Trieste_time_series
ERS14837244,ERP145943,aquatic;sea,AMPLICON,2018-10-11,45.54875,13.5507,21,Trieste_time_series
ERS14837246,ERP145943,aquatic;sea,AMPLICON,2019-05-17,45.54875,13.5507,21,Trieste_time_series
ERS14837247,ERP145943,aquatic;sea,AMPLICON,2020-02-13,45.54875,13.5507,1,Trieste_time_series
ERS14837248,ERP145943,aquatic;sea,AMPLICON,2020-10-21,45.54875,13.5507,1,Trieste_time_series
ERS14837251,ERP145943,aquatic;sea,AMPLICON,2021-12-14,45.54875,13.5507,1,Trieste_time_series
ERS14837256,ERP145943,aquatic;sea,AMPLICON,2018-11-23,45.54875,13.5507,21,Trieste_time_series
ERS14837257,ERP145943,aquatic;sea,AMPLICON,2019-08-19,45.54875,13.5507,1,Trieste_time_series
ERS14837259,ERP145943,aquatic;sea,AMPLICON,2020-04-28,45.54875,13.5507,1,Trieste_time_series
ERS14837261,ERP145943,aquatic;sea,AMPLICON,2020-09-17,45.54875,13.5507,21,Trieste_time_series
ERS14837262,ERP145943,aquatic;sea,AMPLICON,2021-05-18,45.54875,13.5507,1,Trieste_time_series
ERS14837265,ERP145943,aquatic;sea,AMPLICON,2021-05-18,45.54875,13.5507,10,Trieste_time_series
ERS14837266,ERP145943,aquatic;sea,AMPLICON,2021-01-19,45.54875,13.5507,15,Trieste_time_series
ERS14837267,ERP145943,aquatic;sea,AMPLICON,2021-10-04,45.54875,13.5507,15,Trieste_time_series
ERS14837269,ERP145943,aquatic;sea,AMPLICON,2019-10-14,45.54875,13.5507,1,Trieste_time_series
ERS14837270,ERP145943,aquatic;sea,AMPLICON,2019-07-11,45.54875,13.5507,21,Trieste_time_series
ERS14837272,ERP145943,aquatic;sea,AMPLICON,2020-08-20,45.54875,13.5507,21,Trieste_time_series
ERS14837273,ERP145943,aquatic;sea,AMPLICON,2020-10-21,45.54875,13.5507,21,Trieste_time_series
ERS14837277,ERP145943,aquatic;sea,AMPLICON,2021-06-15,45.54875,13.5507,10,Trieste_time_series
ERS14837283,ERP145943,aquatic;sea,AMPLICON,2020-06-22,45.54875,13.5507,1,Trieste_time_series
ERS14837285,ERP145943,aquatic;sea,AMPLICON,2020-12-21,45.54875,13.5507,21,Trieste_time_series
ERS14837286,ERP145943,aquatic;sea,AMPLICON,2021-07-13,45.54875,13.5507,1,Trieste_time_series
ERS14837287,ERP145943,aquatic;sea,AMPLICON,2021-03-16,45.54875,13.5507,5,Trieste_time_series
ERS14837288,ERP145943,aquatic;sea,AMPLICON,2021-12-14,45.54875,13.5507,5,Trieste_time_series
ERS14837289,ERP145943,aquatic;sea,AMPLICON,2021-07-13,45.54875,13.5507,10,Trieste_time_series
ERS14837290,ERP145943,aquatic;sea,AMPLICON,2021-03-16,45.54875,13.5507,15,Trieste_time_series
ERS14837291,ERP145943,aquatic;sea,AMPLICON,2021-12-02,45.54875,13.5507,15,Trieste_time_series
ERS14837294,ERP145943,aquatic;sea,AMPLICON,2019-10-14,45.54875,13.5507,21,Trieste_time_series
ERS14837297,ERP145943,aquatic;sea,AMPLICON,2020-07-23,45.54875,13.5507,21,Trieste_time_series
ERS14837298,ERP145943,aquatic;sea,AMPLICON,2021-08-10,45.54875,13.5507,1,Trieste_time_series
ERS14837299,ERP145943,aquatic;sea,AMPLICON,2021-04-22,45.54875,13.5507,5,Trieste_time_series
ERS14837300,ERP145943,aquatic;sea,AMPLICON,2021-12-02,45.54875,13.5507,5,Trieste_time_series
ERS14837301,ERP145943,aquatic;sea,AMPLICON,2021-08-10,45.54875,13.5507,10,Trieste_time_series
ERS14837302,ERP145943,aquatic;sea,AMPLICON,2021-04-22,45.54875,13.5507,15,Trieste_time_series
ERS14837306,ERP145943,aquatic;sea,AMPLICON,2021-04-22,45.54875,13.5507,21,Trieste_time_series
ERS14837307,ERP145943,aquatic;sea,AMPLICON,2021-07-13,45.54875,13.5507,21,Trieste_time_series
ERS14837309,ERP145943,aquatic;sea,AMPLICON,2021-10-04,45.54875,13.5507,21,Trieste_time_series
ERS14837311,ERP145943,aquatic;sea,AMPLICON,2021-12-02,45.54875,13.5507,21,Trieste_time_series
ERS14837313,ERP145943,aquatic;sea,AMPLICON,2021-12-14,45.54875,13.5507,21,Trieste_time_series
ERS14837315,ERP145943,aquatic;sea,AMPLICON,2021-03-16,45.54875,13.5507,21,Trieste_time_series
ERS4649000,ERP122219,aquatic;sea,AMPLICON,2003-01-28,41.666667,2.8,NA,BBMO_long_series
ERS4649001,ERP122219,aquatic;sea,AMPLICON,2003-03-04,41.666667,2.8,NA,BBMO_long_series
ERS4649002,ERP122219,aquatic;sea,AMPLICON,2003-03-25,41.666667,2.8,NA,BBMO_long_series
ERS4649003,ERP122219,aquatic;sea,AMPLICON,2003-04-22,41.666667,2.8,NA,BBMO_long_series
ERS4649004,ERP122219,aquatic;sea,AMPLICON,2003-05-13,41.666667,2.8,NA,BBMO_long_series
ERS4649005,ERP122219,aquatic;sea,AMPLICON,2003-06-25,41.666667,2.8,NA,BBMO_long_series
ERS4649006,ERP122219,aquatic;sea,AMPLICON,2003-07-14,41.666667,2.8,NA,BBMO_long_series
ERS4649007,ERP122219,aquatic;sea,AMPLICON,2003-08-04,41.666667,2.8,NA,BBMO_long_series
ERS4649008,ERP122219,aquatic;sea,AMPLICON,2003-09-16,41.666667,2.8,NA,BBMO_long_series
ERS4649009,ERP122219,aquatic;sea,AMPLICON,2003-10-21,41.666667,2.8,NA,BBMO_long_series
ERS4649010,ERP122219,aquatic;sea,AMPLICON,2003-11-25,41.666667,2.8,NA,BBMO_long_series
ERS4649011,ERP122219,aquatic;sea,AMPLICON,2003-12-16,41.666667,2.8,NA,BBMO_long_series
ERS4649012,ERP122219,aquatic;sea,AMPLICON,2004-01-26,41.666667,2.8,NA,BBMO_long_series
ERS4649013,ERP122219,aquatic;sea,AMPLICON,2004-01-26,41.666667,2.8,NA,BBMO_long_series
ERS4649014,ERP122219,aquatic;sea,AMPLICON,2004-02-23,41.666667,2.8,NA,BBMO_long_series
ERS4649015,ERP122219,aquatic;sea,AMPLICON,2004-02-23,41.666667,2.8,NA,BBMO_long_series
ERS4649016,ERP122219,aquatic;sea,AMPLICON,2004-03-22,41.666667,2.8,NA,BBMO_long_series
ERS4649017,ERP122219,aquatic;sea,AMPLICON,2004-04-19,41.666667,2.8,NA,BBMO_long_series
ERS4649018,ERP122219,aquatic;sea,AMPLICON,2004-04-19,41.666667,2.8,NA,BBMO_long_series
ERS4649019,ERP122219,aquatic;sea,AMPLICON,2004-05-25,41.666667,2.8,NA,BBMO_long_series
ERS4649020,ERP122219,aquatic;sea,AMPLICON,2004-05-25,41.666667,2.8,NA,BBMO_long_series
ERS4649021,ERP122219,aquatic;sea,AMPLICON,2004-06-28,41.666667,2.8,NA,BBMO_long_series
ERS4649022,ERP122219,aquatic;sea,AMPLICON,2004-06-28,41.666667,2.8,NA,BBMO_long_series
ERS4649023,ERP122219,aquatic;sea,AMPLICON,2004-07-19,41.666667,2.8,NA,BBMO_long_series
ERS4649024,ERP122219,aquatic;sea,AMPLICON,2004-07-19,41.666667,2.8,NA,BBMO_long_series
ERS4649025,ERP122219,aquatic;sea,AMPLICON,2004-08-31,41.666667,2.8,NA,BBMO_long_series
ERS4649026,ERP122219,aquatic;sea,AMPLICON,2004-08-31,41.666667,2.8,NA,BBMO_long_series
ERS4649027,ERP122219,aquatic;sea,AMPLICON,2004-09-29,41.666667,2.8,NA,BBMO_long_series
ERS4649028,ERP122219,aquatic;sea,AMPLICON,2004-09-29,41.666667,2.8,NA,BBMO_long_series
ERS4649029,ERP122219,aquatic;sea,AMPLICON,2004-10-19,41.666667,2.8,NA,BBMO_long_series
ERS4649030,ERP122219,aquatic;sea,AMPLICON,2004-10-19,41.666667,2.8,NA,BBMO_long_series
ERS4649031,ERP122219,aquatic;sea,AMPLICON,2004-11-16,41.666667,2.8,NA,BBMO_long_series
ERS4649032,ERP122219,aquatic;sea,AMPLICON,2004-11-16,41.666667,2.8,NA,BBMO_long_series
ERS4649033,ERP122219,aquatic;sea,AMPLICON,2004-12-14,41.666667,2.8,NA,BBMO_long_series
ERS4649034,ERP122219,aquatic;sea,AMPLICON,2004-12-14,41.666667,2.8,NA,BBMO_long_series
ERS4649035,ERP122219,aquatic;sea,AMPLICON,2005-01-20,41.666667,2.8,NA,BBMO_long_series
ERS4649036,ERP122219,aquatic;sea,AMPLICON,2005-01-20,41.666667,2.8,NA,BBMO_long_series
ERS4649037,ERP122219,aquatic;sea,AMPLICON,2005-02-15,41.666667,2.8,NA,BBMO_long_series
ERS4649038,ERP122219,aquatic;sea,AMPLICON,2005-03-09,41.666667,2.8,NA,BBMO_long_series
ERS4649039,ERP122219,aquatic;sea,AMPLICON,2005-03-09,41.666667,2.8,NA,BBMO_long_series
ERS4649040,ERP122219,aquatic;sea,AMPLICON,2005-04-13,41.666667,2.8,NA,BBMO_long_series
ERS4649041,ERP122219,aquatic;sea,AMPLICON,2005-04-13,41.666667,2.8,NA,BBMO_long_series
ERS4649042,ERP122219,aquatic;sea,AMPLICON,2005-05-10,41.666667,2.8,NA,BBMO_long_series
ERS4649043,ERP122219,aquatic;sea,AMPLICON,2005-06-07,41.666667,2.8,NA,BBMO_long_series
ERS4649044,ERP122219,aquatic;sea,AMPLICON,2005-06-07,41.666667,2.8,NA,BBMO_long_series
ERS4649045,ERP122219,aquatic;sea,AMPLICON,2005-07-05,41.666667,2.8,NA,BBMO_long_series
ERS4649046,ERP122219,aquatic;sea,AMPLICON,2005-07-05,41.666667,2.8,NA,BBMO_long_series
ERS4649047,ERP122219,aquatic;sea,AMPLICON,2005-08-03,41.666667,2.8,NA,BBMO_long_series
ERS4649048,ERP122219,aquatic;sea,AMPLICON,2005-08-03,41.666667,2.8,NA,BBMO_long_series
ERS4649049,ERP122219,aquatic;sea,AMPLICON,2005-09-13,41.666667,2.8,NA,BBMO_long_series
ERS4649050,ERP122219,aquatic;sea,AMPLICON,2005-09-13,41.666667,2.8,NA,BBMO_long_series
ERS4649051,ERP122219,aquatic;sea,AMPLICON,2005-10-04,41.666667,2.8,NA,BBMO_long_series
ERS4649052,ERP122219,aquatic;sea,AMPLICON,2005-10-04,41.666667,2.8,NA,BBMO_long_series
ERS4649053,ERP122219,aquatic;sea,AMPLICON,2005-11-08,41.666667,2.8,NA,BBMO_long_series
ERS4649054,ERP122219,aquatic;sea,AMPLICON,2005-11-08,41.666667,2.8,NA,BBMO_long_series
ERS4649055,ERP122219,aquatic;sea,AMPLICON,2005-12-13,41.666667,2.8,NA,BBMO_long_series
ERS4649056,ERP122219,aquatic;sea,AMPLICON,2005-12-13,41.666667,2.8,NA,BBMO_long_series
ERS4649057,ERP122219,aquatic;sea,AMPLICON,2006-01-11,41.666667,2.8,NA,BBMO_long_series
ERS4649058,ERP122219,aquatic;sea,AMPLICON,2006-01-11,41.666667,2.8,NA,BBMO_long_series
ERS4649059,ERP122219,aquatic;sea,AMPLICON,2006-02-07,41.666667,2.8,NA,BBMO_long_series
ERS4649060,ERP122219,aquatic;sea,AMPLICON,2006-02-07,41.666667,2.8,NA,BBMO_long_series
ERS4649061,ERP122219,aquatic;sea,AMPLICON,2006-03-07,41.666667,2.8,NA,BBMO_long_series
ERS4649062,ERP122219,aquatic;sea,AMPLICON,2006-03-07,41.666667,2.8,NA,BBMO_long_series
ERS4649063,ERP122219,aquatic;sea,AMPLICON,2006-04-04,41.666667,2.8,NA,BBMO_long_series
ERS4649064,ERP122219,aquatic;sea,AMPLICON,2006-04-04,41.666667,2.8,NA,BBMO_long_series
ERS4649065,ERP122219,aquatic;sea,AMPLICON,2006-05-16,41.666667,2.8,NA,BBMO_long_series
ERS4649066,ERP122219,aquatic;sea,AMPLICON,2006-05-16,41.666667,2.8,NA,BBMO_long_series
ERS4649067,ERP122219,aquatic;sea,AMPLICON,2006-06-13,41.666667,2.8,NA,BBMO_long_series
ERS4649068,ERP122219,aquatic;sea,AMPLICON,2006-06-13,41.666667,2.8,NA,BBMO_long_series
ERS4649069,ERP122219,aquatic;sea,AMPLICON,2006-07-05,41.666667,2.8,NA,BBMO_long_series
ERS4649070,ERP122219,aquatic;sea,AMPLICON,2006-07-05,41.666667,2.8,NA,BBMO_long_series
ERS4649071,ERP122219,aquatic;sea,AMPLICON,2006-08-01,41.666667,2.8,NA,BBMO_long_series
ERS4649072,ERP122219,aquatic;sea,AMPLICON,2006-08-01,41.666667,2.8,NA,BBMO_long_series
ERS4649073,ERP122219,aquatic;sea,AMPLICON,2006-09-12,41.666667,2.8,NA,BBMO_long_series
ERS4649074,ERP122219,aquatic;sea,AMPLICON,2006-09-12,41.666667,2.8,NA,BBMO_long_series
ERS4649075,ERP122219,aquatic;sea,AMPLICON,2006-10-09,41.666667,2.8,NA,BBMO_long_series
ERS4649076,ERP122219,aquatic;sea,AMPLICON,2006-10-09,41.666667,2.8,NA,BBMO_long_series
ERS4649077,ERP122219,aquatic;sea,AMPLICON,2006-11-07,41.666667,2.8,NA,BBMO_long_series
ERS4649078,ERP122219,aquatic;sea,AMPLICON,2006-11-07,41.666667,2.8,NA,BBMO_long_series
ERS4649079,ERP122219,aquatic;sea,AMPLICON,2006-12-11,41.666667,2.8,NA,BBMO_long_series
ERS4649080,ERP122219,aquatic;sea,AMPLICON,2006-12-11,41.666667,2.8,NA,BBMO_long_series
ERS4649081,ERP122219,aquatic;sea,AMPLICON,2007-01-16,41.666667,2.8,NA,BBMO_long_series
ERS4649082,ERP122219,aquatic;sea,AMPLICON,2007-01-16,41.666667,2.8,NA,BBMO_long_series
ERS4649083,ERP122219,aquatic;sea,AMPLICON,2007-02-20,41.666667,2.8,NA,BBMO_long_series
ERS4649084,ERP122219,aquatic;sea,AMPLICON,2007-02-20,41.666667,2.8,NA,BBMO_long_series
ERS4649085,ERP122219,aquatic;sea,AMPLICON,2007-03-20,41.666667,2.8,NA,BBMO_long_series
ERS4649086,ERP122219,aquatic;sea,AMPLICON,2007-03-20,41.666667,2.8,NA,BBMO_long_series
ERS4649087,ERP122219,aquatic;sea,AMPLICON,2007-04-24,41.666667,2.8,NA,BBMO_long_series
ERS4649088,ERP122219,aquatic;sea,AMPLICON,2007-04-24,41.666667,2.8,NA,BBMO_long_series
ERS4649089,ERP122219,aquatic;sea,AMPLICON,2007-05-15,41.666667,2.8,NA,BBMO_long_series
ERS4649090,ERP122219,aquatic;sea,AMPLICON,2007-05-15,41.666667,2.8,NA,BBMO_long_series
ERS4649091,ERP122219,aquatic;sea,AMPLICON,2007-06-05,41.666667,2.8,NA,BBMO_long_series
ERS4649092,ERP122219,aquatic;sea,AMPLICON,2007-06-05,41.666667,2.8,NA,BBMO_long_series
ERS4649093,ERP122219,aquatic;sea,AMPLICON,2007-07-03,41.666667,2.8,NA,BBMO_long_series
ERS4649094,ERP122219,aquatic;sea,AMPLICON,2007-07-03,41.666667,2.8,NA,BBMO_long_series
ERS4649095,ERP122219,aquatic;sea,AMPLICON,2007-08-01,41.666667,2.8,NA,BBMO_long_series
ERS4649096,ERP122219,aquatic;sea,AMPLICON,2007-08-01,41.666667,2.8,NA,BBMO_long_series
ERS4649097,ERP122219,aquatic;sea,AMPLICON,2007-09-12,41.666667,2.8,NA,BBMO_long_series
ERS4649098,ERP122219,aquatic;sea,AMPLICON,2007-09-12,41.666667,2.8,NA,BBMO_long_series
ERS4649099,ERP122219,aquatic;sea,AMPLICON,2007-10-16,41.666667,2.8,NA,BBMO_long_series
ERS4649100,ERP122219,aquatic;sea,AMPLICON,2007-10-16,41.666667,2.8,NA,BBMO_long_series
ERS4649101,ERP122219,aquatic;sea,AMPLICON,2007-11-13,41.666667,2.8,NA,BBMO_long_series
ERS4649102,ERP122219,aquatic;sea,AMPLICON,2007-11-13,41.666667,2.8,NA,BBMO_long_series
ERS4649103,ERP122219,aquatic;sea,AMPLICON,2007-12-11,41.666667,2.8,NA,BBMO_long_series
ERS4649104,ERP122219,aquatic;sea,AMPLICON,2007-12-11,41.666667,2.8,NA,BBMO_long_series
ERS4649105,ERP122219,aquatic;sea,AMPLICON,2008-01-15,41.666667,2.8,NA,BBMO_long_series
ERS4649106,ERP122219,aquatic;sea,AMPLICON,2008-01-15,41.666667,2.8,NA,BBMO_long_series
ERS4649107,ERP122219,aquatic;sea,AMPLICON,2008-02-12,41.666667,2.8,NA,BBMO_long_series
ERS4649108,ERP122219,aquatic;sea,AMPLICON,2008-02-12,41.666667,2.8,NA,BBMO_long_series
ERS4649109,ERP122219,aquatic;sea,AMPLICON,2008-03-12,41.666667,2.8,NA,BBMO_long_series
ERS4649110,ERP122219,aquatic;sea,AMPLICON,2008-03-12,41.666667,2.8,NA,BBMO_long_series
ERS4649111,ERP122219,aquatic;sea,AMPLICON,2008-04-08,41.666667,2.8,NA,BBMO_long_series
ERS4649112,ERP122219,aquatic;sea,AMPLICON,2008-04-08,41.666667,2.8,NA,BBMO_long_series
ERS4649113,ERP122219,aquatic;sea,AMPLICON,2008-05-07,41.666667,2.8,NA,BBMO_long_series
ERS4649114,ERP122219,aquatic;sea,AMPLICON,2008-05-07,41.666667,2.8,NA,BBMO_long_series
ERS4649115,ERP122219,aquatic;sea,AMPLICON,2008-06-02,41.666667,2.8,NA,BBMO_long_series
ERS4649116,ERP122219,aquatic;sea,AMPLICON,2008-06-02,41.666667,2.8,NA,BBMO_long_series
ERS4649117,ERP122219,aquatic;sea,AMPLICON,2008-07-02,41.666667,2.8,NA,BBMO_long_series
ERS4649118,ERP122219,aquatic;sea,AMPLICON,2008-07-02,41.666667,2.8,NA,BBMO_long_series
ERS4649119,ERP122219,aquatic;sea,AMPLICON,2008-08-05,41.666667,2.8,NA,BBMO_long_series
ERS4649120,ERP122219,aquatic;sea,AMPLICON,2008-08-05,41.666667,2.8,NA,BBMO_long_series
ERS4649121,ERP122219,aquatic;sea,AMPLICON,2008-09-02,41.666667,2.8,NA,BBMO_long_series
ERS4649122,ERP122219,aquatic;sea,AMPLICON,2008-09-02,41.666667,2.8,NA,BBMO_long_series
ERS4649123,ERP122219,aquatic;sea,AMPLICON,2008-10-14,41.666667,2.8,NA,BBMO_long_series
ERS4649124,ERP122219,aquatic;sea,AMPLICON,2008-10-14,41.666667,2.8,NA,BBMO_long_series
ERS4649125,ERP122219,aquatic;sea,AMPLICON,2008-11-13,41.666667,2.8,NA,BBMO_long_series
ERS4649126,ERP122219,aquatic;sea,AMPLICON,2008-11-13,41.666667,2.8,NA,BBMO_long_series
ERS4649127,ERP122219,aquatic;sea,AMPLICON,2008-12-11,41.666667,2.8,NA,BBMO_long_series
ERS4649128,ERP122219,aquatic;sea,AMPLICON,2008-12-11,41.666667,2.8,NA,BBMO_long_series
ERS4649129,ERP122219,aquatic;sea,AMPLICON,2009-01-13,41.666667,2.8,NA,BBMO_long_series
ERS4649130,ERP122219,aquatic;sea,AMPLICON,2009-01-13,41.666667,2.8,NA,BBMO_long_series
ERS4649131,ERP122219,aquatic;sea,AMPLICON,2009-02-10,41.666667,2.8,NA,BBMO_long_series
ERS4649132,ERP122219,aquatic;sea,AMPLICON,2009-02-10,41.666667,2.8,NA,BBMO_long_series
ERS4649133,ERP122219,aquatic;sea,AMPLICON,2009-03-17,41.666667,2.8,NA,BBMO_long_series
ERS4649134,ERP122219,aquatic;sea,AMPLICON,2009-03-17,41.666667,2.8,NA,BBMO_long_series
ERS4649135,ERP122219,aquatic;sea,AMPLICON,2009-04-21,41.666667,2.8,NA,BBMO_long_series
ERS4649136,ERP122219,aquatic;sea,AMPLICON,2009-04-21,41.666667,2.8,NA,BBMO_long_series
ERS4649137,ERP122219,aquatic;sea,AMPLICON,2009-05-12,41.666667,2.8,NA,BBMO_long_series
ERS4649138,ERP122219,aquatic;sea,AMPLICON,2009-05-12,41.666667,2.8,NA,BBMO_long_series
ERS4649139,ERP122219,aquatic;sea,AMPLICON,2009-06-09,41.666667,2.8,NA,BBMO_long_series
ERS4649140,ERP122219,aquatic;sea,AMPLICON,2009-06-09,41.666667,2.8,NA,BBMO_long_series
ERS4649141,ERP122219,aquatic;sea,AMPLICON,2009-07-21,41.666667,2.8,NA,BBMO_long_series
ERS4649142,ERP122219,aquatic;sea,AMPLICON,2009-07-21,41.666667,2.8,NA,BBMO_long_series
ERS4649143,ERP122219,aquatic;sea,AMPLICON,2009-08-04,41.666667,2.8,NA,BBMO_long_series
ERS4649144,ERP122219,aquatic;sea,AMPLICON,2009-08-04,41.666667,2.8,NA,BBMO_long_series
ERS4649145,ERP122219,aquatic;sea,AMPLICON,2009-09-15,41.666667,2.8,NA,BBMO_long_series
ERS4649146,ERP122219,aquatic;sea,AMPLICON,2009-09-15,41.666667,2.8,NA,BBMO_long_series
ERS4649147,ERP122219,aquatic;sea,AMPLICON,2009-10-06,41.666667,2.8,NA,BBMO_long_series
ERS4649148,ERP122219,aquatic;sea,AMPLICON,2009-10-06,41.666667,2.8,NA,BBMO_long_series
ERS4649149,ERP122219,aquatic;sea,AMPLICON,2009-11-05,41.666667,2.8,NA,BBMO_long_series
ERS4649150,ERP122219,aquatic;sea,AMPLICON,2009-11-05,41.666667,2.8,NA,BBMO_long_series
ERS4649151,ERP122219,aquatic;sea,AMPLICON,2009-12-22,41.666667,2.8,NA,BBMO_long_series
ERS4649152,ERP122219,aquatic;sea,AMPLICON,2009-12-22,41.666667,2.8,NA,BBMO_long_series
ERS4649153,ERP122219,aquatic;sea,AMPLICON,2010-01-20,41.666667,2.8,NA,BBMO_long_series
ERS4649154,ERP122219,aquatic;sea,AMPLICON,2010-01-20,41.666667,2.8,NA,BBMO_long_series
ERS4649155,ERP122219,aquatic;sea,AMPLICON,2010-02-17,41.666667,2.8,NA,BBMO_long_series
ERS4649156,ERP122219,aquatic;sea,AMPLICON,2010-02-17,41.666667,2.8,NA,BBMO_long_series
ERS4649157,ERP122219,aquatic;sea,AMPLICON,2010-03-22,41.666667,2.8,NA,BBMO_long_series
ERS4649158,ERP122219,aquatic;sea,AMPLICON,2010-03-22,41.666667,2.8,NA,BBMO_long_series
ERS4649159,ERP122219,aquatic;sea,AMPLICON,2010-04-14,41.666667,2.8,NA,BBMO_long_series
ERS4649160,ERP122219,aquatic;sea,AMPLICON,2010-04-14,41.666667,2.8,NA,BBMO_long_series
ERS4649161,ERP122219,aquatic;sea,AMPLICON,2010-05-25,41.666667,2.8,NA,BBMO_long_series
ERS4649162,ERP122219,aquatic;sea,AMPLICON,2010-05-25,41.666667,2.8,NA,BBMO_long_series
ERS4649163,ERP122219,aquatic;sea,AMPLICON,2010-06-22,41.666667,2.8,NA,BBMO_long_series
ERS4649164,ERP122219,aquatic;sea,AMPLICON,2010-06-22,41.666667,2.8,NA,BBMO_long_series
ERS4649165,ERP122219,aquatic;sea,AMPLICON,2010-07-06,41.666667,2.8,NA,BBMO_long_series
ERS4649166,ERP122219,aquatic;sea,AMPLICON,2010-07-06,41.666667,2.8,NA,BBMO_long_series
ERS4649167,ERP122219,aquatic;sea,AMPLICON,2010-08-03,41.666667,2.8,NA,BBMO_long_series
ERS4649168,ERP122219,aquatic;sea,AMPLICON,2010-08-03,41.666667,2.8,NA,BBMO_long_series
ERS4649169,ERP122219,aquatic;sea,AMPLICON,2010-09-14,41.666667,2.8,NA,BBMO_long_series
ERS4649170,ERP122219,aquatic;sea,AMPLICON,2010-09-14,41.666667,2.8,NA,BBMO_long_series
ERS4649171,ERP122219,aquatic;sea,AMPLICON,2010-10-19,41.666667,2.8,NA,BBMO_long_series
ERS4649172,ERP122219,aquatic;sea,AMPLICON,2010-10-19,41.666667,2.8,NA,BBMO_long_series
ERS4649173,ERP122219,aquatic;sea,AMPLICON,2010-11-16,41.666667,2.8,NA,BBMO_long_series
ERS4649174,ERP122219,aquatic;sea,AMPLICON,2010-11-16,41.666667,2.8,NA,BBMO_long_series
ERS4649175,ERP122219,aquatic;sea,AMPLICON,2010-12-14,41.666667,2.8,NA,BBMO_long_series
ERS4649176,ERP122219,aquatic;sea,AMPLICON,2010-12-14,41.666667,2.8,NA,BBMO_long_series
ERS4649177,ERP122219,aquatic;sea,AMPLICON,2011-01-12,41.666667,2.8,NA,BBMO_long_series
ERS4649178,ERP122219,aquatic;sea,AMPLICON,2011-01-12,41.666667,2.8,NA,BBMO_long_series
ERS4649179,ERP122219,aquatic;sea,AMPLICON,2011-02-08,41.666667,2.8,NA,BBMO_long_series
ERS4649180,ERP122219,aquatic;sea,AMPLICON,2011-02-08,41.666667,2.8,NA,BBMO_long_series
ERS4649181,ERP122219,aquatic;sea,AMPLICON,2011-03-14,41.666667,2.8,NA,BBMO_long_series
ERS4649182,ERP122219,aquatic;sea,AMPLICON,2011-03-14,41.666667,2.8,NA,BBMO_long_series
ERS4649183,ERP122219,aquatic;sea,AMPLICON,2011-04-12,41.666667,2.8,NA,BBMO_long_series
ERS4649184,ERP122219,aquatic;sea,AMPLICON,2011-04-12,41.666667,2.8,NA,BBMO_long_series
ERS4649185,ERP122219,aquatic;sea,AMPLICON,2011-05-17,41.666667,2.8,NA,BBMO_long_series
ERS4649186,ERP122219,aquatic;sea,AMPLICON,2011-05-17,41.666667,2.8,NA,BBMO_long_series
ERS4649187,ERP122219,aquatic;sea,AMPLICON,2011-06-15,41.666667,2.8,NA,BBMO_long_series
ERS4649188,ERP122219,aquatic;sea,AMPLICON,2011-06-15,41.666667,2.8,NA,BBMO_long_series
ERS4649189,ERP122219,aquatic;sea,AMPLICON,2011-07-05,41.666667,2.8,NA,BBMO_long_series
ERS4649190,ERP122219,aquatic;sea,AMPLICON,2011-07-05,41.666667,2.8,NA,BBMO_long_series
ERS4649191,ERP122219,aquatic;sea,AMPLICON,2011-08-02,41.666667,2.8,NA,BBMO_long_series
ERS4649192,ERP122219,aquatic;sea,AMPLICON,2011-08-02,41.666667,2.8,NA,BBMO_long_series
ERS4649193,ERP122219,aquatic;sea,AMPLICON,2011-09-13,41.666667,2.8,NA,BBMO_long_series
ERS4649194,ERP122219,aquatic;sea,AMPLICON,2011-09-13,41.666667,2.8,NA,BBMO_long_series
ERS4649195,ERP122219,aquatic;sea,AMPLICON,2011-10-10,41.666667,2.8,NA,BBMO_long_series
ERS4649196,ERP122219,aquatic;sea,AMPLICON,2011-10-10,41.666667,2.8,NA,BBMO_long_series
ERS4649197,ERP122219,aquatic;sea,AMPLICON,2011-11-29,41.666667,2.8,NA,BBMO_long_series
ERS4649198,ERP122219,aquatic;sea,AMPLICON,2011-11-29,41.666667,2.8,NA,BBMO_long_series
ERS4649199,ERP122219,aquatic;sea,AMPLICON,2011-12-19,41.666667,2.8,NA,BBMO_long_series
ERS4649200,ERP122219,aquatic;sea,AMPLICON,2011-12-19,41.666667,2.8,NA,BBMO_long_series
ERS4649201,ERP122219,aquatic;sea,AMPLICON,2012-01-10,41.666667,2.8,NA,BBMO_long_series
ERS4649202,ERP122219,aquatic;sea,AMPLICON,2012-01-10,41.666667,2.8,NA,BBMO_long_series
ERS4649203,ERP122219,aquatic;sea,AMPLICON,2012-02-14,41.666667,2.8,NA,BBMO_long_series
ERS4649204,ERP122219,aquatic;sea,AMPLICON,2012-02-14,41.666667,2.8,NA,BBMO_long_series
ERS4649205,ERP122219,aquatic;sea,AMPLICON,2012-03-13,41.666667,2.8,NA,BBMO_long_series
ERS4649206,ERP122219,aquatic;sea,AMPLICON,2012-03-13,41.666667,2.8,NA,BBMO_long_series
ERS4649207,ERP122219,aquatic;sea,AMPLICON,2012-04-11,41.666667,2.8,NA,BBMO_long_series
ERS4649208,ERP122219,aquatic;sea,AMPLICON,2012-04-11,41.666667,2.8,NA,BBMO_long_series
ERS4649209,ERP122219,aquatic;sea,AMPLICON,2012-05-11,41.666667,2.8,NA,BBMO_long_series
ERS4649210,ERP122219,aquatic;sea,AMPLICON,2012-05-11,41.666667,2.8,NA,BBMO_long_series
ERS4649211,ERP122219,aquatic;sea,AMPLICON,2012-06-20,41.666667,2.8,NA,BBMO_long_series
ERS4649212,ERP122219,aquatic;sea,AMPLICON,2012-06-20,41.666667,2.8,NA,BBMO_long_series
ERS4649213,ERP122219,aquatic;sea,AMPLICON,2012-07-03,41.666667,2.8,NA,BBMO_long_series
ERS4649214,ERP122219,aquatic;sea,AMPLICON,2012-07-03,41.666667,2.8,NA,BBMO_long_series
ERS4649215,ERP122219,aquatic;sea,AMPLICON,2012-08-07,41.666667,2.8,NA,BBMO_long_series
ERS4649216,ERP122219,aquatic;sea,AMPLICON,2012-08-07,41.666667,2.8,NA,BBMO_long_series
ERS4649217,ERP122219,aquatic;sea,AMPLICON,2012-09-13,41.666667,2.8,NA,BBMO_long_series
ERS4649218,ERP122219,aquatic;sea,AMPLICON,2012-09-13,41.666667,2.8,NA,BBMO_long_series
ERS4649219,ERP122219,aquatic;sea,AMPLICON,2012-10-09,41.666667,2.8,NA,BBMO_long_series
ERS4649220,ERP122219,aquatic;sea,AMPLICON,2012-10-09,41.666667,2.8,NA,BBMO_long_series
ERS4649221,ERP122219,aquatic;sea,AMPLICON,2012-11-06,41.666667,2.8,NA,BBMO_long_series
ERS4649222,ERP122219,aquatic;sea,AMPLICON,2012-11-06,41.666667,2.8,NA,BBMO_long_series
ERS4649223,ERP122219,aquatic;sea,AMPLICON,2012-12-11,41.666667,2.8,NA,BBMO_long_series
ERS4649224,ERP122219,aquatic;sea,AMPLICON,2012-12-11,41.666667,2.8,NA,BBMO_long_series
ERS4649225,ERP122219,aquatic;sea,AMPLICON,2013-01-15,41.666667,2.8,NA,BBMO_long_series
ERS4649226,ERP122219,aquatic;sea,AMPLICON,2013-01-15,41.666667,2.8,NA,BBMO_long_series
ERS4649227,ERP122219,aquatic;sea,AMPLICON,2013-02-06,41.666667,2.8,NA,BBMO_long_series
ERS4649228,ERP122219,aquatic;sea,AMPLICON,2013-02-06,41.666667,2.8,NA,BBMO_long_series
ERS4649229,ERP122219,aquatic;sea,AMPLICON,2013-03-12,41.666667,2.8,NA,BBMO_long_series
ERS4649230,ERP122219,aquatic;sea,AMPLICON,2013-03-12,41.666667,2.8,NA,BBMO_long_series
ERS4649231,ERP122219,aquatic;sea,AMPLICON,2013-04-17,41.666667,2.8,NA,BBMO_long_series
ERS4649232,ERP122219,aquatic;sea,AMPLICON,2013-04-17,41.666667,2.8,NA,BBMO_long_series
ERS4649233,ERP122219,aquatic;sea,AMPLICON,2013-05-07,41.666667,2.8,NA,BBMO_long_series
ERS4649234,ERP122219,aquatic;sea,AMPLICON,2013-05-07,41.666667,2.8,NA,BBMO_long_series
ERS4649235,ERP122219,aquatic;sea,AMPLICON,2013-06-04,41.666667,2.8,NA,BBMO_long_series
ERS4649236,ERP122219,aquatic;sea,AMPLICON,2013-06-04,41.666667,2.8,NA,BBMO_long_series
ERS4649237,ERP122219,aquatic;sea,AMPLICON,2013-07-09,41.666667,2.8,NA,BBMO_long_series
ERS4649238,ERP122219,aquatic;sea,AMPLICON,2013-07-09,41.666667,2.8,NA,BBMO_long_series
ERS4649239,ERP122219,aquatic;sea,AMPLICON,2013-08-01,41.666667,2.8,NA,BBMO_long_series
ERS4649240,ERP122219,aquatic;sea,AMPLICON,2013-08-01,41.666667,2.8,NA,BBMO_long_series
ERS4649241,ERP122219,aquatic;sea,AMPLICON,2013-09-17,41.666667,2.8,NA,BBMO_long_series
ERS4649242,ERP122219,aquatic;sea,AMPLICON,2013-09-17,41.666667,2.8,NA,BBMO_long_series
ERS4649243,ERP122219,aquatic;sea,AMPLICON,2013-10-15,41.666667,2.8,NA,BBMO_long_series
ERS4649244,ERP122219,aquatic;sea,AMPLICON,2013-10-15,41.666667,2.8,NA,BBMO_long_series
ERS4649245,ERP122219,aquatic;sea,AMPLICON,2013-11-05,41.666667,2.8,NA,BBMO_long_series
ERS4649246,ERP122219,aquatic;sea,AMPLICON,2013-11-05,41.666667,2.8,NA,BBMO_long_series
ERS4649247,ERP122219,aquatic;sea,AMPLICON,2013-12-15,41.666667,2.8,NA,BBMO_long_series
ERS4649248,ERP122219,aquatic;sea,AMPLICON,2013-12-15,41.666667,2.8,NA,BBMO_long_series
SRS1735927,SRP091333,aquatic;marine|aquatic;ocean|aquatic;sea,AMPLICON,2012-06-20,41.67,2.8,-1,Blanes_time_series
SRS1735861,SRP091333,aquatic;marine|aquatic;ocean|aquatic;sea,AMPLICON,2013-05-07,41.67,2.8,-1,Blanes_time_series
SRS1735869,SRP091333,aquatic;marine|aquatic;ocean|aquatic;sea,AMPLICON,2013-06-04,41.67,2.8,-1,Blanes_time_series
SRS1735844,SRP091333,aquatic;marine|aquatic;ocean|aquatic;sea,AMPLICON,2013-02-06,41.67,2.8,-1,Blanes_time_series
SRS1735856,SRP091333,aquatic;marine|aquatic;ocean|aquatic;sea,AMPLICON,2013-04-17,41.67,2.8,-1,Blanes_time_series
SRS1735868,SRP091333,aquatic;marine|aquatic;ocean|aquatic;sea,AMPLICON,2013-06-04,41.67,2.8,-1,Blanes_time_series
SRS1735893,SRP091333,aquatic;marine|aquatic;ocean|aquatic;sea,AMPLICON,2011-12-19,41.67,2.8,-1,Blanes_time_series
SRS1735881,SRP091333,aquatic;marine|aquatic;ocean|aquatic;sea,AMPLICON,2011-10-10,41.67,2.8,-1,Blanes_time_series
SRS1735876,SRP091333,aquatic;marine|aquatic;ocean|aquatic;sea,AMPLICON,2011-09-13,41.67,2.8,-1,Blanes_time_series
SRS1735888,SRP091333,aquatic;marine|aquatic;ocean|aquatic;sea,AMPLICON,2011-11-29,41.67,2.8,-1,Blanes_time_series
SRS1735960,SRP091333,aquatic;marine|aquatic;ocean|aquatic;sea,AMPLICON,2012-12-11,41.67,2.8,-1,Blanes_time_series
SRS1735920,SRP091333,aquatic;marine|aquatic;ocean|aquatic;sea,AMPLICON,2012-05-11,41.67,2.8,-1,Blanes_time_series
SRS1735942,SRP091333,aquatic;marine|aquatic;ocean|aquatic;sea,AMPLICON,2012-09-13,41.67,2.8,-1,Blanes_time_series
SRS1735902,SRP091333,aquatic;marine|aquatic;ocean|aquatic;sea,AMPLICON,2011-06-15,41.67,2.8,-1,Blanes_time_series
SRS1735931,SRP091333,aquatic;marine|aquatic;ocean|aquatic;sea,AMPLICON,2012-07-03,41.67,2.8,-1,Blanes_time_series
SRS1735955,SRP091333,aquatic;marine|aquatic;ocean|aquatic;sea,AMPLICON,2012-11-06,41.67,2.8,-1,Blanes_time_series
SRS1735914,SRP091333,aquatic;marine|aquatic;ocean|aquatic;sea,AMPLICON,2012-04-11,41.67,2.8,-1,Blanes_time_series
SRS1735967,SRP091333,aquatic;marine|aquatic;ocean|aquatic;sea,AMPLICON,2013-01-15,41.67,2.8,-1,Blanes_time_series
SRS1735926,SRP091333,aquatic;marine|aquatic;ocean|aquatic;sea,AMPLICON,2012-06-20,41.67,2.8,-1,Blanes_time_series
SRS1735938,SRP091333,aquatic;marine|aquatic;ocean|aquatic;sea,AMPLICON,2012-08-07,41.67,2.8,-1,Blanes_time_series
SRS1735860,SRP091333,aquatic;marine|aquatic;ocean|aquatic;sea,AMPLICON,2013-04-17,41.67,2.8,-1,Blanes_time_series
SRS1735843,SRP091333,aquatic;marine|aquatic;ocean|aquatic;sea,AMPLICON,2013-02-06,41.67,2.8,-1,Blanes_time_series
SRS1735855,SRP091333,aquatic;marine|aquatic;ocean|aquatic;sea,AMPLICON,2013-04-17,41.67,2.8,-1,Blanes_time_series
SRS1735880,SRP091333,aquatic;marine|aquatic;ocean|aquatic;sea,AMPLICON,2011-06-15,41.67,2.8,-1,Blanes_time_series
SRS1735838,SRP091333,aquatic;marine|aquatic;ocean|aquatic;sea,AMPLICON,2013-01-15,41.67,2.8,-1,Blanes_time_series
SRS1735867,SRP091333,aquatic;marine|aquatic;ocean|aquatic;sea,AMPLICON,2013-06-04,41.67,2.8,-1,Blanes_time_series
SRS1735892,SRP091333,aquatic;marine|aquatic;ocean|aquatic;sea,AMPLICON,2011-12-19,41.67,2.8,-1,Blanes_time_series
SRS1735959,SRP091333,aquatic;marine|aquatic;ocean|aquatic;sea,AMPLICON,2012-11-06,41.67,2.8,-1,Blanes_time_series
SRS1735875,SRP091333,aquatic;marine|aquatic;ocean|aquatic;sea,AMPLICON,2011-09-13,41.67,2.8,-1,Blanes_time_series
SRS1735887,SRP091333,aquatic;marine|aquatic;ocean|aquatic;sea,AMPLICON,2011-11-29,41.67,2.8,-1,Blanes_time_series
SRS1735930,SRP091333,aquatic;marine|aquatic;ocean|aquatic;sea,AMPLICON,2012-07-03,41.67,2.8,-1,Blanes_time_series
SRS1735943,SRP091333,aquatic;marine|aquatic;ocean|aquatic;sea,AMPLICON,2012-09-13,41.67,2.8,-1,Blanes_time_series
SRS1735901,SRP091333,aquatic;marine|aquatic;ocean|aquatic;sea,AMPLICON,2012-02-14,41.67,2.8,-1,Blanes_time_series
SRS1735859,SRP091333,aquatic;marine|aquatic;ocean|aquatic;sea,AMPLICON,2011-08-02,41.67,2.8,-1,Blanes_time_series
SRS1735954,SRP091333,aquatic;marine|aquatic;ocean|aquatic;sea,AMPLICON,2012-11-06,41.67,2.8,-1,Blanes_time_series
SRS1735913,SRP091333,aquatic;marine|aquatic;ocean|aquatic;sea,AMPLICON,2011-07-05,41.67,2.8,-1,Blanes_time_series
SRS1735966,SRP091333,aquatic;marine|aquatic;ocean|aquatic;sea,AMPLICON,2013-01-15,41.67,2.8,-1,Blanes_time_series
SRS1735925,SRP091333,aquatic;marine|aquatic;ocean|aquatic;sea,AMPLICON,2012-06-20,41.67,2.8,-1,Blanes_time_series
SRS1735908,SRP091333,aquatic;marine|aquatic;ocean|aquatic;sea,AMPLICON,2012-03-13,41.67,2.8,-1,Blanes_time_series
SRS1735937,SRP091333,aquatic;marine|aquatic;ocean|aquatic;sea,AMPLICON,2012-08-07,41.67,2.8,-1,Blanes_time_series
SRS1735879,SRP091333,aquatic;marine|aquatic;ocean|aquatic;sea,AMPLICON,2011-09-13,41.67,2.8,-1,Blanes_time_series
SRS1735842,SRP091333,aquatic;marine|aquatic;ocean|aquatic;sea,AMPLICON,2013-02-06,41.67,2.8,-1,Blanes_time_series
SRS1735854,SRP091333,aquatic;marine|aquatic;ocean|aquatic;sea,AMPLICON,2013-04-17,41.67,2.8,-1,Blanes_time_series
SRS1735837,SRP091333,aquatic;marine|aquatic;ocean|aquatic;sea,AMPLICON,2011-08-02,41.67,2.8,-1,Blanes_time_series
SRS1735866,SRP091333,aquatic;marine|aquatic;ocean|aquatic;sea,AMPLICON,2013-05-07,41.67,2.8,-1,Blanes_time_series
SRS1735891,SRP091333,aquatic;marine|aquatic;ocean|aquatic;sea,AMPLICON,2011-06-15,41.67,2.8,-1,Blanes_time_series
SRS1735929,SRP091333,aquatic;marine|aquatic;ocean|aquatic;sea,AMPLICON,2012-06-20,41.67,2.8,-1,Blanes_time_series
SRS1735874,SRP091333,aquatic;marine|aquatic;ocean|aquatic;sea,AMPLICON,2011-08-02,41.67,2.8,-1,Blanes_time_series
SRS1735886,SRP091333,aquatic;marine|aquatic;ocean|aquatic;sea,AMPLICON,2011-11-29,41.67,2.8,-1,Blanes_time_series
SRS1735898,SRP091333,aquatic;marine|aquatic;ocean|aquatic;sea,AMPLICON,2012-01-10,41.67,2.8,-1,Blanes_time_series
SRS1735941,SRP091333,aquatic;marine|aquatic;ocean|aquatic;sea,AMPLICON,2012-09-13,41.67,2.8,-1,Blanes_time_series
SRS1735900,SRP091333,aquatic;marine|aquatic;ocean|aquatic;sea,AMPLICON,2012-01-10,41.67,2.8,-1,Blanes_time_series
SRS1735953,SRP091333,aquatic;marine|aquatic;ocean|aquatic;sea,AMPLICON,2012-11-06,41.67,2.8,-1,Blanes_time_series
SRS1735912,SRP091333,aquatic;marine|aquatic;ocean|aquatic;sea,AMPLICON,2012-04-11,41.67,2.8,-1,Blanes_time_series
SRS1735965,SRP091333,aquatic;marine|aquatic;ocean|aquatic;sea,AMPLICON,2012-12-11,41.67,2.8,-1,Blanes_time_series
SRS1735924,SRP091333,aquatic;marine|aquatic;ocean|aquatic;sea,AMPLICON,2011-07-05,41.67,2.8,-1,Blanes_time_series
SRS1735907,SRP091333,aquatic;marine|aquatic;ocean|aquatic;sea,AMPLICON,2012-03-13,41.67,2.8,-1,Blanes_time_series
SRS1735936,SRP091333,aquatic;marine|aquatic;ocean|aquatic;sea,AMPLICON,2012-08-07,41.67,2.8,-1,Blanes_time_series
SRS1735948,SRP091333,aquatic;marine|aquatic;ocean|aquatic;sea,AMPLICON,2012-10-09,41.67,2.8,-1,Blanes_time_series
SRS1735841,SRP091333,aquatic;marine|aquatic;ocean|aquatic;sea,AMPLICON,2013-01-15,41.67,2.8,-1,Blanes_time_series
SRS1735853,SRP091333,aquatic;marine|aquatic;ocean|aquatic;sea,AMPLICON,2013-03-12,41.67,2.8,-1,Blanes_time_series
SRS1735836,SRP091333,aquatic;marine|aquatic;ocean|aquatic;sea,AMPLICON,2011-06-15,41.67,2.8,-1,Blanes_time_series
SRS1735865,SRP091333,aquatic;marine|aquatic;ocean|aquatic;sea,AMPLICON,2013-05-07,41.67,2.8,-1,Blanes_time_series
SRS1735890,SRP091333,aquatic;marine|aquatic;ocean|aquatic;sea,AMPLICON,2011-12-19,41.67,2.8,-1,Blanes_time_series
SRS1735848,SRP091333,aquatic;marine|aquatic;ocean|aquatic;sea,AMPLICON,2011-08-02,41.67,2.8,-1,Blanes_time_series
SRS1735873,SRP091333,aquatic;marine|aquatic;ocean|aquatic;sea,AMPLICON,2013-06-04,41.67,2.8,-1,Blanes_time_series
SRS1735885,SRP091333,aquatic;marine|aquatic;ocean|aquatic;sea,AMPLICON,2011-10-10,41.67,2.8,-1,Blanes_time_series
SRS1735897,SRP091333,aquatic;marine|aquatic;ocean|aquatic;sea,AMPLICON,2012-01-10,41.67,2.8,-1,Blanes_time_series
SRS1735940,SRP091333,aquatic;marine|aquatic;ocean|aquatic;sea,AMPLICON,2012-09-13,41.67,2.8,-1,Blanes_time_series
SRS1735952,SRP091333,aquatic;marine|aquatic;ocean|aquatic;sea,AMPLICON,2012-10-09,41.67,2.8,-1,Blanes_time_series
SRS1735911,SRP091333,aquatic;marine|aquatic;ocean|aquatic;sea,AMPLICON,2012-03-13,41.67,2.8,-1,Blanes_time_series
SRS1735964,SRP091333,aquatic;marine|aquatic;ocean|aquatic;sea,AMPLICON,2012-12-11,41.67,2.8,-1,Blanes_time_series
SRS1735923,SRP091333,aquatic;marine|aquatic;ocean|aquatic;sea,AMPLICON,2012-06-20,41.67,2.8,-1,Blanes_time_series
SRS1735906,SRP091333,aquatic;marine|aquatic;ocean|aquatic;sea,AMPLICON,2012-02-14,41.67,2.8,-1,Blanes_time_series
SRS1735935,SRP091333,aquatic;marine|aquatic;ocean|aquatic;sea,AMPLICON,2011-07-05,41.67,2.8,-1,Blanes_time_series
SRS1735918,SRP091333,aquatic;marine|aquatic;ocean|aquatic;sea,AMPLICON,2012-05-11,41.67,2.8,-1,Blanes_time_series
SRS1735947,SRP091333,aquatic;marine|aquatic;ocean|aquatic;sea,AMPLICON,2012-10-09,41.67,2.8,-1,Blanes_time_series
SRS1735889,SRP091333,aquatic;marine|aquatic;ocean|aquatic;sea,AMPLICON,2011-11-29,41.67,2.8,-1,Blanes_time_series
SRS1735840,SRP091333,aquatic;marine|aquatic;ocean|aquatic;sea,AMPLICON,2013-01-15,41.67,2.8,-1,Blanes_time_series
SRS1735852,SRP091333,aquatic;marine|aquatic;ocean|aquatic;sea,AMPLICON,2013-03-12,41.67,2.8,-1,Blanes_time_series
SRS1735835,SRP091333,aquatic;marine|aquatic;ocean|aquatic;sea,AMPLICON,2011-06-15,41.67,2.8,-1,Blanes_time_series
SRS1735864,SRP091333,aquatic;marine|aquatic;ocean|aquatic;sea,AMPLICON,2013-05-07,41.67,2.8,-1,Blanes_time_series
SRS1735847,SRP091333,aquatic;marine|aquatic;ocean|aquatic;sea,AMPLICON,2013-03-12,41.67,2.8,-1,Blanes_time_series
SRS1735939,SRP091333,aquatic;marine|aquatic;ocean|aquatic;sea,AMPLICON,2012-08-07,41.67,2.8,-1,Blanes_time_series
SRS1735872,SRP091333,aquatic;marine|aquatic;ocean|aquatic;sea,AMPLICON,2013-06-04,41.67,2.8,-1,Blanes_time_series
SRS1735884,SRP091333,aquatic;marine|aquatic;ocean|aquatic;sea,AMPLICON,2011-10-10,41.67,2.8,-1,Blanes_time_series
SRS1735896,SRP091333,aquatic;marine|aquatic;ocean|aquatic;sea,AMPLICON,2012-01-10,41.67,2.8,-1,Blanes_time_series
SRS1735951,SRP091333,aquatic;marine|aquatic;ocean|aquatic;sea,AMPLICON,2012-10-09,41.67,2.8,-1,Blanes_time_series
SRS1735910,SRP091333,aquatic;marine|aquatic;ocean|aquatic;sea,AMPLICON,2012-03-13,41.67,2.8,-1,Blanes_time_series
SRS1735963,SRP091333,aquatic;marine|aquatic;ocean|aquatic;sea,AMPLICON,2012-12-11,41.67,2.8,-1,Blanes_time_series
SRS1735922,SRP091333,aquatic;marine|aquatic;ocean|aquatic;sea,AMPLICON,2012-05-11,41.67,2.8,-1,Blanes_time_series
SRS1735905,SRP091333,aquatic;marine|aquatic;ocean|aquatic;sea,AMPLICON,2012-02-14,41.67,2.8,-1,Blanes_time_series
SRS1735839,SRP091333,aquatic;marine|aquatic;ocean|aquatic;sea,AMPLICON,2013-01-15,41.67,2.8,-1,Blanes_time_series
SRS1735934,SRP091333,aquatic;marine|aquatic;ocean|aquatic;sea,AMPLICON,2012-08-07,41.67,2.8,-1,Blanes_time_series
SRS1735958,SRP091333,aquatic;marine|aquatic;ocean|aquatic;sea,AMPLICON,2012-11-06,41.67,2.8,-1,Blanes_time_series
SRS1735917,SRP091333,aquatic;marine|aquatic;ocean|aquatic;sea,AMPLICON,2012-04-11,41.67,2.8,-1,Blanes_time_series
SRS1735945,SRP091333,aquatic;marine|aquatic;ocean|aquatic;sea,AMPLICON,2011-07-05,41.67,2.8,-1,Blanes_time_series
SRS1735851,SRP091333,aquatic;marine|aquatic;ocean|aquatic;sea,AMPLICON,2013-03-12,41.67,2.8,-1,Blanes_time_series
SRS1735863,SRP091333,aquatic;marine|aquatic;ocean|aquatic;sea,AMPLICON,2013-05-07,41.67,2.8,-1,Blanes_time_series
SRS1735846,SRP091333,aquatic;marine|aquatic;ocean|aquatic;sea,AMPLICON,2013-02-06,41.67,2.8,-1,Blanes_time_series
SRS1735858,SRP091333,aquatic;marine|aquatic;ocean|aquatic;sea,AMPLICON,2013-04-17,41.67,2.8,-1,Blanes_time_series
SRS1735871,SRP091333,aquatic;marine|aquatic;ocean|aquatic;sea,AMPLICON,2013-06-04,41.67,2.8,-1,Blanes_time_series
SRS1735909,SRP091333,aquatic;marine|aquatic;ocean|aquatic;sea,AMPLICON,2012-03-13,41.67,2.8,-1,Blanes_time_series
SRS1735883,SRP091333,aquatic;marine|aquatic;ocean|aquatic;sea,AMPLICON,2011-10-10,41.67,2.8,-1,Blanes_time_series
SRS1735895,SRP091333,aquatic;marine|aquatic;ocean|aquatic;sea,AMPLICON,2011-12-19,41.67,2.8,-1,Blanes_time_series
SRS1735878,SRP091333,aquatic;marine|aquatic;ocean|aquatic;sea,AMPLICON,2011-09-13,41.67,2.8,-1,Blanes_time_series
SRS1735950,SRP091333,aquatic;marine|aquatic;ocean|aquatic;sea,AMPLICON,2012-10-09,41.67,2.8,-1,Blanes_time_series
SRS1735962,SRP091333,aquatic;marine|aquatic;ocean|aquatic;sea,AMPLICON,2012-12-11,41.67,2.8,-1,Blanes_time_series
SRS1735921,SRP091333,aquatic;marine|aquatic;ocean|aquatic;sea,AMPLICON,2012-05-11,41.67,2.8,-1,Blanes_time_series
SRS1735904,SRP091333,aquatic;marine|aquatic;ocean|aquatic;sea,AMPLICON,2012-02-14,41.67,2.8,-1,Blanes_time_series
SRS1735933,SRP091333,aquatic;marine|aquatic;ocean|aquatic;sea,AMPLICON,2012-07-03,41.67,2.8,-1,Blanes_time_series
SRS1735957,SRP091333,aquatic;marine|aquatic;ocean|aquatic;sea,AMPLICON,2011-07-05,41.67,2.8,-1,Blanes_time_series
SRS1735916,SRP091333,aquatic;marine|aquatic;ocean|aquatic;sea,AMPLICON,2012-04-11,41.67,2.8,-1,Blanes_time_series
SRS1735946,SRP091333,aquatic;marine|aquatic;ocean|aquatic;sea,AMPLICON,2012-09-13,41.67,2.8,-1,Blanes_time_series
SRS1735928,SRP091333,aquatic;marine|aquatic;ocean|aquatic;sea,AMPLICON,2012-06-20,41.67,2.8,-1,Blanes_time_series
SRS1735899,SRP091333,aquatic;marine|aquatic;ocean|aquatic;sea,AMPLICON,2012-01-10,41.67,2.8,-1,Blanes_time_series
SRS1735850,SRP091333,aquatic;marine|aquatic;ocean|aquatic;sea,AMPLICON,2013-03-12,41.67,2.8,-1,Blanes_time_series
SRS1735862,SRP091333,aquatic;marine|aquatic;ocean|aquatic;sea,AMPLICON,2013-05-07,41.67,2.8,-1,Blanes_time_series
SRS1735845,SRP091333,aquatic;marine|aquatic;ocean|aquatic;sea,AMPLICON,2013-02-06,41.67,2.8,-1,Blanes_time_series
SRS1735857,SRP091333,aquatic;marine|aquatic;ocean|aquatic;sea,AMPLICON,2013-04-17,41.67,2.8,-1,Blanes_time_series
SRS1735870,SRP091333,aquatic;marine|aquatic;ocean|aquatic;sea,AMPLICON,2011-08-02,41.67,2.8,-1,Blanes_time_series
SRS1735894,SRP091333,aquatic;marine|aquatic;ocean|aquatic;sea,AMPLICON,2011-12-19,41.67,2.8,-1,Blanes_time_series
SRS1735949,SRP091333,aquatic;marine|aquatic;ocean|aquatic;sea,AMPLICON,2012-10-09,41.67,2.8,-1,Blanes_time_series
SRS1735882,SRP091333,aquatic;marine|aquatic;ocean|aquatic;sea,AMPLICON,2011-10-10,41.67,2.8,-1,Blanes_time_series
SRS1735919,SRP091333,aquatic;marine|aquatic;ocean|aquatic;sea,AMPLICON,2012-05-11,41.67,2.8,-1,Blanes_time_series
SRS1735877,SRP091333,aquatic;marine|aquatic;ocean|aquatic;sea,AMPLICON,2011-09-13,41.67,2.8,-1,Blanes_time_series
SRS1735961,SRP091333,aquatic;marine|aquatic;ocean|aquatic;sea,AMPLICON,2012-12-11,41.67,2.8,-1,Blanes_time_series
SRS1735944,SRP091333,aquatic;marine|aquatic;ocean|aquatic;sea,AMPLICON,2012-09-13,41.67,2.8,-1,Blanes_time_series
SRS1735903,SRP091333,aquatic;marine|aquatic;ocean|aquatic;sea,AMPLICON,2012-02-14,41.67,2.8,-1,Blanes_time_series
SRS1735932,SRP091333,aquatic;marine|aquatic;ocean|aquatic;sea,AMPLICON,2012-07-03,41.67,2.8,-1,Blanes_time_series
SRS1735956,SRP091333,aquatic;marine|aquatic;ocean|aquatic;sea,AMPLICON,2012-11-06,41.67,2.8,-1,Blanes_time_series
SRS1735915,SRP091333,aquatic;marine|aquatic;ocean|aquatic;sea,AMPLICON,2012-04-11,41.67,2.8,-1,Blanes_time_series
SRS1735849,SRP091333,aquatic;marine|aquatic;ocean|aquatic;sea,AMPLICON,2013-03-12,41.67,2.8,-1,Blanes_time_series
ERS1261471,ERP016541,aquatic;marine|aquatic;sea,AMPLICON,2010-04-12,50.15,-4.13,0.2,Plymouth_time_series
ERS1261430,ERP016541,aquatic;marine|aquatic;sea,AMPLICON,2009-05-05,50.15,-4.13,0.2,Plymouth_time_series
ERS1261509,ERP016541,aquatic;marine|aquatic;sea,AMPLICON,2009-10-19,50.15,-4.13,0.2,Plymouth_time_series
ERS1261483,ERP016541,aquatic;marine|aquatic;sea,AMPLICON,2009-05-13,50.15,-4.13,0.2,Plymouth_time_series
ERS1261442,ERP016541,aquatic;marine|aquatic;sea,AMPLICON,2009-09-07,50.15,-4.13,0.2,Plymouth_time_series
ERS1261454,ERP016541,aquatic;marine|aquatic;sea,AMPLICON,2009-06-08,50.15,-4.13,0.2,Plymouth_time_series
ERS1261517,ERP016541,aquatic;marine|aquatic;sea,AMPLICON,2009-05-21,50.15,-4.13,0.2,Plymouth_time_series
ERS1261546,ERP016541,aquatic;marine|aquatic;sea,AMPLICON,2009-04-27,50.15,-4.13,0.2,Plymouth_time_series
ERS1261529,ERP016541,aquatic;marine|aquatic;sea,AMPLICON,2009-09-22,50.15,-4.13,0.2,Plymouth_time_series
ERS1261504,ERP016541,aquatic;marine|aquatic;sea,AMPLICON,2010-01-18,50.15,-4.13,0.2,Plymouth_time_series
ERS1261487,ERP016541,aquatic;marine|aquatic;sea,AMPLICON,2009-07-13,50.15,-4.13,0.2,Plymouth_time_series
ERS1261446,ERP016541,aquatic;marine|aquatic;sea,AMPLICON,2009-10-07,50.15,-4.13,0.2,Plymouth_time_series
ERS1261541,ERP016541,aquatic;marine|aquatic;sea,AMPLICON,2009-10-26,50.15,-4.13,0.2,Plymouth_time_series
ERS1261475,ERP016541,aquatic;marine|aquatic;sea,AMPLICON,2009-08-11,50.15,-4.13,0.2,Plymouth_time_series
ERS1261499,ERP016541,aquatic;marine|aquatic;sea,AMPLICON,2009-12-15,50.15,-4.13,0.2,Plymouth_time_series
ERS1261458,ERP016541,aquatic;marine|aquatic;sea,AMPLICON,2009-11-09,50.15,-4.13,0.2,Plymouth_time_series
ERS1261553,ERP016541,aquatic;marine|aquatic;sea,AMPLICON,2009-06-29,50.15,-4.13,0.2,Plymouth_time_series
ERS1261417,ERP016541,aquatic;marine|aquatic;sea,AMPLICON,2009-09-01,50.15,-4.13,0.2,Plymouth_time_series
ERS1261429,ERP016541,aquatic;marine|aquatic;sea,AMPLICON,2009-05-05,50.15,-4.13,0.2,Plymouth_time_series
ERS1261524,ERP016541,aquatic;marine|aquatic;sea,AMPLICON,2009-06-22,50.15,-4.13,0.2,Plymouth_time_series
ERS1261470,ERP016541,aquatic;marine|aquatic;sea,AMPLICON,2010-04-12,50.15,-4.13,0.2,Plymouth_time_series
ERS1261508,ERP016541,aquatic;marine|aquatic;sea,AMPLICON,2009-10-19,50.15,-4.13,0.2,Plymouth_time_series
ERS1261482,ERP016541,aquatic;marine|aquatic;sea,AMPLICON,2009-05-13,50.15,-4.13,0.2,Plymouth_time_series
ERS1261441,ERP016541,aquatic;marine|aquatic;sea,AMPLICON,2009-09-07,50.15,-4.13,0.2,Plymouth_time_series
ERS1261424,ERP016541,aquatic;marine|aquatic;sea,AMPLICON,2010-01-04,50.15,-4.13,0.2,Plymouth_time_series
ERS1261494,ERP016541,aquatic;marine|aquatic;sea,AMPLICON,2010-03-15,50.15,-4.13,0.2,Plymouth_time_series
ERS1261453,ERP016541,aquatic;marine|aquatic;sea,AMPLICON,2009-06-08,50.15,-4.13,0.2,Plymouth_time_series
ERS1261516,ERP016541,aquatic;marine|aquatic;sea,AMPLICON,2009-05-21,50.15,-4.13,0.2,Plymouth_time_series
ERS1261545,ERP016541,aquatic;marine|aquatic;sea,AMPLICON,2009-04-27,50.15,-4.13,0.2,Plymouth_time_series
ERS1261528,ERP016541,aquatic;marine|aquatic;sea,AMPLICON,2009-09-22,50.15,-4.13,0.2,Plymouth_time_series
ERS1261503,ERP016541,aquatic;marine|aquatic;sea,AMPLICON,2009-08-17,50.15,-4.13,0.2,Plymouth_time_series
ERS1261486,ERP016541,aquatic;marine|aquatic;sea,AMPLICON,2009-07-13,50.15,-4.13,0.2,Plymouth_time_series
ERS1261445,ERP016541,aquatic;marine|aquatic;sea,AMPLICON,2009-10-07,50.15,-4.13,0.2,Plymouth_time_series
ERS1261540,ERP016541,aquatic;marine|aquatic;sea,AMPLICON,2009-10-26,50.15,-4.13,0.2,Plymouth_time_series
ERS1261498,ERP016541,aquatic;marine|aquatic;sea,AMPLICON,2009-12-15,50.15,-4.13,0.2,Plymouth_time_series
ERS1261457,ERP016541,aquatic;marine|aquatic;sea,AMPLICON,2009-11-09,50.15,-4.13,0.2,Plymouth_time_series
ERS1261552,ERP016541,aquatic;marine|aquatic;sea,AMPLICON,2009-06-29,50.15,-4.13,0.2,Plymouth_time_series
ERS1261416,ERP016541,aquatic;marine|aquatic;sea,AMPLICON,2009-09-01,50.15,-4.13,0.2,Plymouth_time_series
ERS1261469,ERP016541,aquatic;marine|aquatic;sea,AMPLICON,2010-04-12,50.15,-4.13,0.2,Plymouth_time_series
ERS1261428,ERP016541,aquatic;marine|aquatic;sea,AMPLICON,2009-05-05,50.15,-4.13,0.2,Plymouth_time_series
ERS1261523,ERP016541,aquatic;marine|aquatic;sea,AMPLICON,2009-06-22,50.15,-4.13,0.2,Plymouth_time_series
ERS1261507,ERP016541,aquatic;marine|aquatic;sea,AMPLICON,2009-10-19,50.15,-4.13,0.2,Plymouth_time_series
ERS1261481,ERP016541,aquatic;marine|aquatic;sea,AMPLICON,2009-05-13,50.15,-4.13,0.2,Plymouth_time_series
ERS1261440,ERP016541,aquatic;marine|aquatic;sea,AMPLICON,2009-09-07,50.15,-4.13,0.2,Plymouth_time_series
ERS1261464,ERP016541,aquatic;marine|aquatic;sea,AMPLICON,2009-12-09,50.15,-4.13,0.2,Plymouth_time_series
ERS1261423,ERP016541,aquatic;marine|aquatic;sea,AMPLICON,2009-06-02,50.15,-4.13,0.2,Plymouth_time_series
ERS1261493,ERP016541,aquatic;marine|aquatic;sea,AMPLICON,2010-03-15,50.15,-4.13,0.2,Plymouth_time_series
ERS1261452,ERP016541,aquatic;marine|aquatic;sea,AMPLICON,2010-03-08,50.15,-4.13,0.2,Plymouth_time_series
ERS1261515,ERP016541,aquatic;marine|aquatic;sea,AMPLICON,2009-05-21,50.15,-4.13,0.2,Plymouth_time_series
ERS1261527,ERP016541,aquatic;marine|aquatic;sea,AMPLICON,2009-09-22,50.15,-4.13,0.2,Plymouth_time_series
ERS1261539,ERP016541,aquatic;marine|aquatic;sea,AMPLICON,2010-04-26,50.15,-4.13,0.2,Plymouth_time_series
ERS1261514,ERP016541,aquatic;marine|aquatic;sea,AMPLICON,2009-05-21,50.15,-4.13,0.2,Plymouth_time_series
ERS1261502,ERP016541,aquatic;marine|aquatic;sea,AMPLICON,2009-08-17,50.15,-4.13,0.2,Plymouth_time_series
ERS1261485,ERP016541,aquatic;marine|aquatic;sea,AMPLICON,2009-07-13,50.15,-4.13,0.2,Plymouth_time_series
ERS1261497,ERP016541,aquatic;marine|aquatic;sea,AMPLICON,2009-12-15,50.15,-4.13,0.2,Plymouth_time_series
ERS1261456,ERP016541,aquatic;marine|aquatic;sea,AMPLICON,2009-06-08,50.15,-4.13,0.2,Plymouth_time_series
ERS1261551,ERP016541,aquatic;marine|aquatic;sea,AMPLICON,2009-09-28,50.15,-4.13,0.2,Plymouth_time_series
ERS1261415,ERP016541,aquatic;marine|aquatic;sea,AMPLICON,2010-03-01,50.15,-4.13,0.2,Plymouth_time_series
ERS1261534,ERP016541,aquatic;marine|aquatic;sea,AMPLICON,2010-01-26,50.15,-4.13,0.2,Plymouth_time_series
ERS1261468,ERP016541,aquatic;marine|aquatic;sea,AMPLICON,2010-01-11,50.15,-4.13,0.2,Plymouth_time_series
ERS1261427,ERP016541,aquatic;marine|aquatic;sea,AMPLICON,2010-01-04,50.15,-4.13,0.2,Plymouth_time_series
ERS1261522,ERP016541,aquatic;marine|aquatic;sea,AMPLICON,2009-06-22,50.15,-4.13,0.2,Plymouth_time_series
ERS1261439,ERP016541,aquatic;marine|aquatic;sea,AMPLICON,2009-09-07,50.15,-4.13,0.2,Plymouth_time_series
ERS1261414,ERP016541,aquatic;marine|aquatic;sea,AMPLICON,2010-03-01,50.15,-4.13,0.2,Plymouth_time_series
ERS1261451,ERP016541,aquatic;marine|aquatic;sea,AMPLICON,2010-03-08,50.15,-4.13,0.2,Plymouth_time_series
ERS1261506,ERP016541,aquatic;marine|aquatic;sea,AMPLICON,2010-01-18,50.15,-4.13,0.2,Plymouth_time_series
ERS1261480,ERP016541,aquatic;marine|aquatic;sea,AMPLICON,2009-10-12,50.15,-4.13,0.2,Plymouth_time_series
ERS1261463,ERP016541,aquatic;marine|aquatic;sea,AMPLICON,2009-12-09,50.15,-4.13,0.2,Plymouth_time_series
ERS1261422,ERP016541,aquatic;marine|aquatic;sea,AMPLICON,2009-06-02,50.15,-4.13,0.2,Plymouth_time_series
ERS1261492,ERP016541,aquatic;marine|aquatic;sea,AMPLICON,2009-09-14,50.15,-4.13,0.2,Plymouth_time_series
ERS1261434,ERP016541,aquatic;marine|aquatic;sea,AMPLICON,2010-04-07,50.15,-4.13,0.2,Plymouth_time_series
ERS1261555,ERP016541,aquatic;marine|aquatic;sea,AMPLICON,2009-06-29,50.15,-4.13,0.2,Plymouth_time_series
ERS1261526,ERP016541,aquatic;marine|aquatic;sea,AMPLICON,2009-09-22,50.15,-4.13,0.2,Plymouth_time_series
ERS1261501,ERP016541,aquatic;marine|aquatic;sea,AMPLICON,2009-08-17,50.15,-4.13,0.2,Plymouth_time_series
ERS1261538,ERP016541,aquatic;marine|aquatic;sea,AMPLICON,2010-04-26,50.15,-4.13,0.2,Plymouth_time_series
ERS1261513,ERP016541,aquatic;marine|aquatic;sea,AMPLICON,2010-04-20,50.15,-4.13,0.2,Plymouth_time_series
ERS1261496,ERP016541,aquatic;marine|aquatic;sea,AMPLICON,2010-03-15,50.15,-4.13,0.2,Plymouth_time_series
ERS1261455,ERP016541,aquatic;marine|aquatic;sea,AMPLICON,2009-06-08,50.15,-4.13,0.2,Plymouth_time_series
ERS1261550,ERP016541,aquatic;marine|aquatic;sea,AMPLICON,2009-09-28,50.15,-4.13,0.2,Plymouth_time_series
ERS1261533,ERP016541,aquatic;marine|aquatic;sea,AMPLICON,2009-08-24,50.15,-4.13,0.2,Plymouth_time_series
ERS1261467,ERP016541,aquatic;marine|aquatic;sea,AMPLICON,2010-01-11,50.15,-4.13,0.2,Plymouth_time_series
ERS1261426,ERP016541,aquatic;marine|aquatic;sea,AMPLICON,2010-01-04,50.15,-4.13,0.2,Plymouth_time_series
ERS1261521,ERP016541,aquatic;marine|aquatic;sea,AMPLICON,2009-12-21,50.15,-4.13,0.2,Plymouth_time_series
ERS1261479,ERP016541,aquatic;marine|aquatic;sea,AMPLICON,2009-10-12,50.15,-4.13,0.2,Plymouth_time_series
ERS1261438,ERP016541,aquatic;marine|aquatic;sea,AMPLICON,2009-07-07,50.15,-4.13,0.2,Plymouth_time_series
ERS1261413,ERP016541,aquatic;marine|aquatic;sea,AMPLICON,2010-03-01,50.15,-4.13,0.2,Plymouth_time_series
ERS1261450,ERP016541,aquatic;marine|aquatic;sea,AMPLICON,2010-03-08,50.15,-4.13,0.2,Plymouth_time_series
ERS1261505,ERP016541,aquatic;marine|aquatic;sea,AMPLICON,2010-01-18,50.15,-4.13,0.2,Plymouth_time_series
ERS1261462,ERP016541,aquatic;marine|aquatic;sea,AMPLICON,2009-12-09,50.15,-4.13,0.2,Plymouth_time_series
ERS1261421,ERP016541,aquatic;marine|aquatic;sea,AMPLICON,2009-06-02,50.15,-4.13,0.2,Plymouth_time_series
ERS1261491,ERP016541,aquatic;marine|aquatic;sea,AMPLICON,2009-09-14,50.15,-4.13,0.2,Plymouth_time_series
ERS1261474,ERP016541,aquatic;marine|aquatic;sea,AMPLICON,2009-08-11,50.15,-4.13,0.2,Plymouth_time_series
ERS1261433,ERP016541,aquatic;marine|aquatic;sea,AMPLICON,2010-04-07,50.15,-4.13,0.2,Plymouth_time_series
ERS1261525,ERP016541,aquatic;marine|aquatic;sea,AMPLICON,2009-06-22,50.15,-4.13,0.2,Plymouth_time_series
ERS1261500,ERP016541,aquatic;marine|aquatic;sea,AMPLICON,2009-08-17,50.15,-4.13,0.2,Plymouth_time_series
ERS1261537,ERP016541,aquatic;marine|aquatic;sea,AMPLICON,2010-04-26,50.15,-4.13,0.2,Plymouth_time_series
ERS1261512,ERP016541,aquatic;marine|aquatic;sea,AMPLICON,2010-04-20,50.15,-4.13,0.2,Plymouth_time_series
ERS1261549,ERP016541,aquatic;marine|aquatic;sea,AMPLICON,2009-09-28,50.15,-4.13,0.2,Plymouth_time_series
ERS1261520,ERP016541,aquatic;marine|aquatic;sea,AMPLICON,2009-12-21,50.15,-4.13,0.2,Plymouth_time_series
ERS1261495,ERP016541,aquatic;marine|aquatic;sea,AMPLICON,2010-03-15,50.15,-4.13,0.2,Plymouth_time_series
ERS1261437,ERP016541,aquatic;marine|aquatic;sea,AMPLICON,2009-07-07,50.15,-4.13,0.2,Plymouth_time_series
ERS1261532,ERP016541,aquatic;marine|aquatic;sea,AMPLICON,2009-08-24,50.15,-4.13,0.2,Plymouth_time_series
ERS1261466,ERP016541,aquatic;marine|aquatic;sea,AMPLICON,2010-01-11,50.15,-4.13,0.2,Plymouth_time_series
ERS1261425,ERP016541,aquatic;marine|aquatic;sea,AMPLICON,2010-01-04,50.15,-4.13,0.2,Plymouth_time_series
ERS1261449,ERP016541,aquatic;marine|aquatic;sea,AMPLICON,2010-02-08,50.15,-4.13,0.2,Plymouth_time_series
ERS1261544,ERP016541,aquatic;marine|aquatic;sea,AMPLICON,2009-04-27,50.15,-4.13,0.2,Plymouth_time_series
ERS1261478,ERP016541,aquatic;marine|aquatic;sea,AMPLICON,2009-10-12,50.15,-4.13,0.2,Plymouth_time_series
ERS1261412,ERP016541,aquatic;marine|aquatic;sea,AMPLICON,2010-02-01,50.15,-4.13,0.2,Plymouth_time_series
ERS1261461,ERP016541,aquatic;marine|aquatic;sea,AMPLICON,2009-12-09,50.15,-4.13,0.2,Plymouth_time_series
ERS1261420,ERP016541,aquatic;marine|aquatic;sea,AMPLICON,2009-06-02,50.15,-4.13,0.2,Plymouth_time_series
ERS1261490,ERP016541,aquatic;marine|aquatic;sea,AMPLICON,2009-09-14,50.15,-4.13,0.2,Plymouth_time_series
ERS1261473,ERP016541,aquatic;marine|aquatic;sea,AMPLICON,2009-08-11,50.15,-4.13,0.2,Plymouth_time_series
ERS1261432,ERP016541,aquatic;marine|aquatic;sea,AMPLICON,2010-04-07,50.15,-4.13,0.2,Plymouth_time_series
ERS1261444,ERP016541,aquatic;marine|aquatic;sea,AMPLICON,2009-10-07,50.15,-4.13,0.2,Plymouth_time_series
ERS1261536,ERP016541,aquatic;marine|aquatic;sea,AMPLICON,2010-01-26,50.15,-4.13,0.2,Plymouth_time_series
ERS1261519,ERP016541,aquatic;marine|aquatic;sea,AMPLICON,2009-12-21,50.15,-4.13,0.2,Plymouth_time_series
ERS1261511,ERP016541,aquatic;marine|aquatic;sea,AMPLICON,2010-04-20,50.15,-4.13,0.2,Plymouth_time_series
ERS1261548,ERP016541,aquatic;marine|aquatic;sea,AMPLICON,2009-09-28,50.15,-4.13,0.2,Plymouth_time_series
ERS1261436,ERP016541,aquatic;marine|aquatic;sea,AMPLICON,2009-07-07,50.15,-4.13,0.2,Plymouth_time_series
ERS1261531,ERP016541,aquatic;marine|aquatic;sea,AMPLICON,2009-08-24,50.15,-4.13,0.2,Plymouth_time_series
ERS1261465,ERP016541,aquatic;marine|aquatic;sea,AMPLICON,2010-01-11,50.15,-4.13,0.2,Plymouth_time_series
ERS1261448,ERP016541,aquatic;marine|aquatic;sea,AMPLICON,2010-02-08,50.15,-4.13,0.2,Plymouth_time_series
ERS1261543,ERP016541,aquatic;marine|aquatic;sea,AMPLICON,2009-10-26,50.15,-4.13,0.2,Plymouth_time_series
ERS1261477,ERP016541,aquatic;marine|aquatic;sea,AMPLICON,2009-10-12,50.15,-4.13,0.2,Plymouth_time_series
ERS1261419,ERP016541,aquatic;marine|aquatic;sea,AMPLICON,2009-09-01,50.15,-4.13,0.2,Plymouth_time_series
ERS1261489,ERP016541,aquatic;marine|aquatic;sea,AMPLICON,2009-09-14,50.15,-4.13,0.2,Plymouth_time_series
ERS1261411,ERP016541,aquatic;marine|aquatic;sea,AMPLICON,2010-02-01,50.15,-4.13,0.2,Plymouth_time_series
ERS1261460,ERP016541,aquatic;marine|aquatic;sea,AMPLICON,2009-11-09,50.15,-4.13,0.2,Plymouth_time_series
ERS1261472,ERP016541,aquatic;marine|aquatic;sea,AMPLICON,2010-04-12,50.15,-4.13,0.2,Plymouth_time_series
ERS1261431,ERP016541,aquatic;marine|aquatic;sea,AMPLICON,2009-05-05,50.15,-4.13,0.2,Plymouth_time_series
ERS1261484,ERP016541,aquatic;marine|aquatic;sea,AMPLICON,2009-05-13,50.15,-4.13,0.2,Plymouth_time_series
ERS1261443,ERP016541,aquatic;marine|aquatic;sea,AMPLICON,2009-10-07,50.15,-4.13,0.2,Plymouth_time_series
ERS1261535,ERP016541,aquatic;marine|aquatic;sea,AMPLICON,2010-01-26,50.15,-4.13,0.2,Plymouth_time_series
ERS1261518,ERP016541,aquatic;marine|aquatic;sea,AMPLICON,2009-12-21,50.15,-4.13,0.2,Plymouth_time_series
ERS1261510,ERP016541,aquatic;marine|aquatic;sea,AMPLICON,2009-10-19,50.15,-4.13,0.2,Plymouth_time_series
ERS1261547,ERP016541,aquatic;marine|aquatic;sea,AMPLICON,2009-04-27,50.15,-4.13,0.2,Plymouth_time_series
ERS1261435,ERP016541,aquatic;marine|aquatic;sea,AMPLICON,2009-07-07,50.15,-4.13,0.2,Plymouth_time_series
ERS1261530,ERP016541,aquatic;marine|aquatic;sea,AMPLICON,2009-08-24,50.15,-4.13,0.2,Plymouth_time_series
ERS1261447,ERP016541,aquatic;marine|aquatic;sea,AMPLICON,2010-02-08,50.15,-4.13,0.2,Plymouth_time_series
ERS1261542,ERP016541,aquatic;marine|aquatic;sea,AMPLICON,2009-10-26,50.15,-4.13,0.2,Plymouth_time_series
ERS1261476,ERP016541,aquatic;marine|aquatic;sea,AMPLICON,2009-08-11,50.15,-4.13,0.2,Plymouth_time_series
ERS1261459,ERP016541,aquatic;marine|aquatic;sea,AMPLICON,2009-11-09,50.15,-4.13,0.2,Plymouth_time_series
ERS1261554,ERP016541,aquatic;marine|aquatic;sea,AMPLICON,2009-06-29,50.15,-4.13,0.2,Plymouth_time_series
ERS1261418,ERP016541,aquatic;marine|aquatic;sea,AMPLICON,2009-09-01,50.15,-4.13,0.2,Plymouth_time_series
ERS1261488,ERP016541,aquatic;marine|aquatic;sea,AMPLICON,2009-07-13,50.15,-4.13,0.2,Plymouth_time_series
ERS1261410,ERP016541,aquatic;marine|aquatic;sea,AMPLICON,2010-02-01,50.15,-4.13,0.2,Plymouth_time_series
ERS11872587,ERP137221,aquatic;sea,AMPLICON,2015-01-15,56.9309,17.0607,3,LMO_2014_2015
ERS11872588,ERP137221,aquatic;sea,AMPLICON,2015-01-23,56.9309,17.0607,3,LMO_2014_2015
ERS11872589,ERP137221,aquatic;sea,AMPLICON,2015-02-12,56.9309,17.0607,3,LMO_2014_2015
ERS11872590,ERP137221,aquatic;sea,AMPLICON,2015-03-05,56.9309,17.0607,3,LMO_2014_2015
ERS11872591,ERP137221,aquatic;sea,AMPLICON,2015-03-18,56.9309,17.0607,3,LMO_2014_2015
ERS11872592,ERP137221,aquatic;sea,AMPLICON,2015-04-02,56.9309,17.0607,3,LMO_2014_2015
ERS11872593,ERP137221,aquatic;sea,AMPLICON,2015-04-14,56.9309,17.0607,3,LMO_2014_2015
ERS11872594,ERP137221,aquatic;sea,AMPLICON,2015-04-29,56.9309,17.0607,3,LMO_2014_2015
ERS11872595,ERP137221,aquatic;sea,AMPLICON,2015-05-11,56.9309,17.0607,3,LMO_2014_2015
ERS11872596,ERP137221,aquatic;sea,AMPLICON,2015-05-26,56.9309,17.0607,3,LMO_2014_2015
ERS11872597,ERP137221,aquatic;sea,AMPLICON,2015-06-10,56.9309,17.0607,3,LMO_2014_2015
ERS11872598,ERP137221,aquatic;sea,AMPLICON,2015-06-24,56.9309,17.0607,3,LMO_2014_2015
ERS11872599,ERP137221,aquatic;sea,AMPLICON,2015-07-08,56.9309,17.0607,3,LMO_2014_2015
ERS11872600,ERP137221,aquatic;sea,AMPLICON,2015-07-21,56.9309,17.0607,3,LMO_2014_2015
ERS11872601,ERP137221,aquatic;sea,AMPLICON,2015-01-23,56.9309,17.0607,3,LMO_2014_2015
ERS11872602,ERP137221,aquatic;sea,AMPLICON,2015-02-12,56.9309,17.0607,3,LMO_2014_2015
ERS11872603,ERP137221,aquatic;sea,AMPLICON,2015-03-05,56.9309,17.0607,3,LMO_2014_2015
ERS11872604,ERP137221,aquatic;sea,AMPLICON,2015-03-18,56.9309,17.0607,3,LMO_2014_2015
ERS11872605,ERP137221,aquatic;sea,AMPLICON,2015-04-02,56.9309,17.0607,3,LMO_2014_2015
ERS11872606,ERP137221,aquatic;sea,AMPLICON,2015-04-14,56.9309,17.0607,3,LMO_2014_2015
ERS11872607,ERP137221,aquatic;sea,AMPLICON,2015-04-29,56.9309,17.0607,3,LMO_2014_2015
ERS11872608,ERP137221,aquatic;sea,AMPLICON,2015-05-11,56.9309,17.0607,3,LMO_2014_2015
ERS11872609,ERP137221,aquatic;sea,AMPLICON,2015-05-26,56.9309,17.0607,3,LMO_2014_2015
ERS11872610,ERP137221,aquatic;sea,AMPLICON,2015-06-10,56.9309,17.0607,3,LMO_2014_2015
ERS11872611,ERP137221,aquatic;sea,AMPLICON,2015-06-24,56.9309,17.0607,3,LMO_2014_2015
ERS11872612,ERP137221,aquatic;sea,AMPLICON,2015-07-08,56.9309,17.0607,3,LMO_2014_2015
ERS11872613,ERP137221,aquatic;sea,AMPLICON,2015-01-15,56.9309,17.0607,3,LMO_2014_2015
ERS11872614,ERP137221,aquatic;sea,AMPLICON,2015-01-23,56.9309,17.0607,3,LMO_2014_2015
ERS11872615,ERP137221,aquatic;sea,AMPLICON,2015-02-12,56.9309,17.0607,3,LMO_2014_2015
ERS11872616,ERP137221,aquatic;sea,AMPLICON,2015-03-05,56.9309,17.0607,3,LMO_2014_2015
ERS11872617,ERP137221,aquatic;sea,AMPLICON,2015-03-18,56.9309,17.0607,3,LMO_2014_2015
ERS11872618,ERP137221,aquatic;sea,AMPLICON,2015-04-02,56.9309,17.0607,3,LMO_2014_2015
ERS11872619,ERP137221,aquatic;sea,AMPLICON,2015-04-14,56.9309,17.0607,3,LMO_2014_2015
ERS11872620,ERP137221,aquatic;sea,AMPLICON,2015-04-29,56.9309,17.0607,3,LMO_2014_2015
ERS11872621,ERP137221,aquatic;sea,AMPLICON,2015-05-11,56.9309,17.0607,3,LMO_2014_2015
ERS11872622,ERP137221,aquatic;sea,AMPLICON,2015-06-10,56.9309,17.0607,3,LMO_2014_2015
ERS11872623,ERP137221,aquatic;sea,AMPLICON,2015-06-24,56.9309,17.0607,3,LMO_2014_2015
ERS11872624,ERP137221,aquatic;sea,AMPLICON,2015-07-08,56.9309,17.0607,3,LMO_2014_2015
ERS11872625,ERP137221,aquatic;sea,AMPLICON,2015-07-21,56.9309,17.0607,3,LMO_2014_2015
ERS11872626,ERP137221,aquatic;sea,AMPLICON,2015-08-04,56.9309,17.0607,3,LMO_2014_2015
ERS11872627,ERP137221,aquatic;sea,AMPLICON,2015-01-15,56.9309,17.0607,3,LMO_2014_2015
ERS11872628,ERP137221,aquatic;sea,AMPLICON,2015-07-21,56.9309,17.0607,3,LMO_2014_2015
ERS11872629,ERP137221,aquatic;sea,AMPLICON,2015-08-04,56.9309,17.0607,3,LMO_2014_2015
ERS11872630,ERP137221,aquatic;sea,AMPLICON,2015-08-19,56.9309,17.0607,3,LMO_2014_2015
ERS11872631,ERP137221,aquatic;sea,AMPLICON,2015-08-04,56.9309,17.0607,3,LMO_2014_2015
ERS11872632,ERP137221,aquatic;sea,AMPLICON,2015-08-19,56.9309,17.0607,3,LMO_2014_2015
ERS11872633,ERP137221,aquatic;sea,AMPLICON,2015-08-19,56.9309,17.0607,3,LMO_2014_2015
ERS11872634,ERP137221,aquatic;sea,AMPLICON,2014-01-09,56.9309,17.0607,3,LMO_2014_2015
ERS11872635,ERP137221,aquatic;sea,AMPLICON,2014-02-20,56.9309,17.0607,3,LMO_2014_2015
ERS11872636,ERP137221,aquatic;sea,AMPLICON,2014-03-12,56.9309,17.0607,3,LMO_2014_2015
ERS11872637,ERP137221,aquatic;sea,AMPLICON,2014-04-08,56.9309,17.0607,3,LMO_2014_2015
ERS11872638,ERP137221,aquatic;sea,AMPLICON,2014-05-06,56.9309,17.0607,3,LMO_2014_2015
ERS11872639,ERP137221,aquatic;sea,AMPLICON,2014-06-04,56.9309,17.0607,3,LMO_2014_2015
ERS11872640,ERP137221,aquatic;sea,AMPLICON,2014-07-09,56.9309,17.0607,3,LMO_2014_2015
ERS11872641,ERP137221,aquatic;sea,AMPLICON,2014-08-20,56.9309,17.0607,3,LMO_2014_2015
ERS11872642,ERP137221,aquatic;sea,AMPLICON,2014-09-16,56.9309,17.0607,3,LMO_2014_2015
ERS11872643,ERP137221,aquatic;sea,AMPLICON,2014-11-20,56.9309,17.0607,3,LMO_2014_2015
ERS11872644,ERP137221,aquatic;sea,AMPLICON,2014-12-16,56.9309,17.0607,3,LMO_2014_2015
ERS11872645,ERP137221,aquatic;sea,AMPLICON,2014-01-09,56.9309,17.0607,3,LMO_2014_2015
ERS11872646,ERP137221,aquatic;sea,AMPLICON,2014-02-20,56.9309,17.0607,3,LMO_2014_2015
ERS11872647,ERP137221,aquatic;sea,AMPLICON,2014-03-12,56.9309,17.0607,3,LMO_2014_2015
ERS11872648,ERP137221,aquatic;sea,AMPLICON,2014-04-08,56.9309,17.0607,3,LMO_2014_2015
ERS11872649,ERP137221,aquatic;sea,AMPLICON,2014-05-06,56.9309,17.0607,3,LMO_2014_2015
ERS11872650,ERP137221,aquatic;sea,AMPLICON,2014-06-04,56.9309,17.0607,3,LMO_2014_2015
ERS11872651,ERP137221,aquatic;sea,AMPLICON,2014-07-09,56.9309,17.0607,3,LMO_2014_2015
ERS11872652,ERP137221,aquatic;sea,AMPLICON,2014-08-20,56.9309,17.0607,3,LMO_2014_2015
ERS11872653,ERP137221,aquatic;sea,AMPLICON,2014-09-16,56.9309,17.0607,3,LMO_2014_2015
ERS11872654,ERP137221,aquatic;sea,AMPLICON,2014-11-20,56.9309,17.0607,3,LMO_2014_2015
ERS11872655,ERP137221,aquatic;sea,AMPLICON,2014-12-16,56.9309,17.0607,3,LMO_2014_2015
ERS11872656,ERP137221,aquatic;sea,AMPLICON,2015-09-03,56.9309,17.0607,3,LMO_2014_2015
ERS11872657,ERP137221,aquatic;sea,AMPLICON,2015-09-16,56.9309,17.0607,3,LMO_2014_2015
ERS11872658,ERP137221,aquatic;sea,AMPLICON,2015-09-03,56.9309,17.0607,3,LMO_2014_2015
ERS11872659,ERP137221,aquatic;sea,AMPLICON,2015-09-16,56.9309,17.0607,3,LMO_2014_2015
ERS11872660,ERP137221,aquatic;sea,AMPLICON,2015-09-03,56.9309,17.0607,3,LMO_2014_2015
ERS11872661,ERP137221,aquatic;sea,AMPLICON,2015-09-16,56.9309,17.0607,3,LMO_2014_2015
ERS11872662,ERP137221,aquatic;sea,AMPLICON,2014-01-09,56.9309,17.0607,3,LMO_2014_2015
ERS11872663,ERP137221,aquatic;sea,AMPLICON,2014-02-20,56.9309,17.0607,3,LMO_2014_2015
ERS11872664,ERP137221,aquatic;sea,AMPLICON,2014-03-12,56.9309,17.0607,3,LMO_2014_2015
ERS11872665,ERP137221,aquatic;sea,AMPLICON,2014-04-08,56.9309,17.0607,3,LMO_2014_2015
ERS11872666,ERP137221,aquatic;sea,AMPLICON,2014-05-06,56.9309,17.0607,3,LMO_2014_2015
ERS11872667,ERP137221,aquatic;sea,AMPLICON,2014-06-04,56.9309,17.0607,3,LMO_2014_2015
ERS11872668,ERP137221,aquatic;sea,AMPLICON,2014-07-09,56.9309,17.0607,3,LMO_2014_2015
ERS11872669,ERP137221,aquatic;sea,AMPLICON,2014-08-20,56.9309,17.0607,3,LMO_2014_2015
ERS11872670,ERP137221,aquatic;sea,AMPLICON,2014-09-16,56.9309,17.0607,3,LMO_2014_2015
ERS11872671,ERP137221,aquatic;sea,AMPLICON,2014-11-20,56.9309,17.0607,3,LMO_2014_2015
ERS11872672,ERP137221,aquatic;sea,AMPLICON,2014-12-16,56.9309,17.0607,3,LMO_2014_2015
ERS4036395,ERP117856,aquatic;sea,WGS,2015-08-30,61.7831,19.2935,1.8,Baltic_coastal_transect
ERS4036388,ERP117856,aquatic;sea,WGS,2015-08-25,59.4921,24.5681,1.8,Baltic_coastal_transect
ERS4036385,ERP117856,aquatic;sea,WGS,2015-08-23,57.8135,22.6465,1.7,Baltic_coastal_transect
ERS4036416,ERP117856,aquatic;sea,WGS,2013-09-05,56.938436,17.06204,2,Baltic_coastal_transect
ERS4036412,ERP117856,aquatic;sea,WGS,2013-06-05,56.938436,17.06204,2,Baltic_coastal_transect
ERS4036421,ERP117856,aquatic;sea,WGS,2014-04-08,56.938436,17.06204,2,Baltic_coastal_transect
ERS4036397,ERP117856,aquatic;sea,WGS,2015-08-31,58.5837,18.2316,2.2,Baltic_coastal_transect
ERS4036372,ERP117856,aquatic;sea,WGS,2015-08-18,54.5351,13.7696,4,Baltic_coastal_transect
ERS4036424,ERP117856,aquatic;sea,WGS,2014-08-20,56.938436,17.06204,2,Baltic_coastal_transect
ERS4036382,ERP117856,aquatic;sea,WGS,2015-08-21,56.3821,20.8346,2.1,Baltic_coastal_transect
ERS4036419,ERP117856,aquatic;sea,WGS,2014-01-09,56.938436,17.06204,2,Baltic_coastal_transect
ERS4036420,ERP117856,aquatic;sea,WGS,2014-03-12,56.938436,17.06204,2,Baltic_coastal_transect
ERS4036374,ERP117856,aquatic;sea,WGS,2015-08-18,53.959345,14.322065,3,Baltic_coastal_transect
ERS4036387,ERP117856,aquatic;sea,WGS,2015-08-24,57.6815,24.263,1.9,Baltic_coastal_transect
ERS4036375,ERP117856,aquatic;sea,WGS,2015-08-18,54.1756,15.1784,2.7,Baltic_coastal_transect
ERS4036386,ERP117856,aquatic;sea,WGS,2015-08-23,57.0543,23.8214,2.2,Baltic_coastal_transect
ERS4036418,ERP117856,aquatic;sea,WGS,2013-10-31,56.938436,17.06204,2,Baltic_coastal_transect
ERS4036373,ERP117856,aquatic;sea,WGS,2015-08-18,54.4412,13.7264,2.8,Baltic_coastal_transect
ERS4036426,ERP117856,aquatic;sea,WGS,2014-12-16,56.938436,17.06204,2,Baltic_coastal_transect
ERS4036411,ERP117856,aquatic;sea,WGS,2013-05-07,56.938436,17.06204,2,Baltic_coastal_transect
ERS4036413,ERP117856,aquatic;sea,WGS,2013-07-05,56.938436,17.06204,2,Baltic_coastal_transect
ERS4036380,ERP117856,aquatic;sea,WGS,2015-08-20,54.5824,18.6289,1.9,Baltic_coastal_transect
ERS4036376,ERP117856,aquatic;sea,WGS,2015-08-19,54.31543,16.11767,1.9,Baltic_coastal_transect
ERS4036407,ERP117856,aquatic;sea,WGS,2013-01-23,56.938436,17.06204,2,Baltic_coastal_transect
ERS4036425,ERP117856,aquatic;sea,WGS,2014-09-16,56.938436,17.06204,2,Baltic_coastal_transect
ERS4036390,ERP117856,aquatic;sea,WGS,2015-08-26,59.495,27.7962,2,Baltic_coastal_transect
ERS4036417,ERP117856,aquatic;sea,WGS,2013-10-03,56.938436,17.06204,2,Baltic_coastal_transect
ERS4036391,ERP117856,aquatic;sea,WGS,2015-08-27,60.2177,26.2493,1.8,Baltic_coastal_transect
ERS4036403,ERP117856,aquatic;sea,WGS,2015-09-03,53.95929,14.32170167,2,Baltic_coastal_transect
ERS4036379,ERP117856,aquatic;sea,WGS,2015-08-20,54.85165833,18.00123,1.9,Baltic_coastal_transect
ERS4036408,ERP117856,aquatic;sea,WGS,2013-04-03,56.938436,17.06204,2,Baltic_coastal_transect
ERS4036422,ERP117856,aquatic;sea,WGS,2014-06-04,56.938436,17.06204,2,Baltic_coastal_transect
ERS4036399,ERP117856,aquatic;sea,WGS,2015-09-01,56.5969,16.3242,1.9,Baltic_coastal_transect
ERS4036371,ERP117856,aquatic;sea,WGS,2015-08-17,54.463775,12.27990333,3,Baltic_coastal_transect
ERS4036377,ERP117856,aquatic;sea,WGS,2015-08-19,54.5687,16.4872,3.7,Baltic_coastal_transect
ERS4036423,ERP117856,aquatic;sea,WGS,2014-07-09,56.938436,17.06204,2,Baltic_coastal_transect
ERS4036393,ERP117856,aquatic;sea,WGS,2015-08-28,59.8751,19.3582,2.3,Baltic_coastal_transect
ERS4036392,ERP117856,aquatic;sea,WGS,2015-08-27,60.0652,24.8036,2,Baltic_coastal_transect
ERS4036414,ERP117856,aquatic;sea,WGS,2013-08-01,56.938436,17.06204,2,Baltic_coastal_transect
ERS4036396,ERP117856,aquatic;sea,WGS,2015-08-30,61.0018,19.0039,2,Baltic_coastal_transect
ERS4036415,ERP117856,aquatic;sea,WGS,2013-08-15,56.938436,17.06204,2,Baltic_coastal_transect
ERS4036402,ERP117856,aquatic;sea,WGS,2015-09-02,54.91411,13.83857833,2,Baltic_coastal_transect
ERS4036381,ERP117856,aquatic;sea,WGS,2015-08-21,55.68444833,21.01084667,1.9,Baltic_coastal_transect
ERS4036405,ERP117856,aquatic;sea,WGS,2014-05-06,56.938436,17.06204,2,Baltic_coastal_transect
ERS4036401,ERP117856,aquatic;sea,WGS,2015-09-02,55.4066,14.5356,3,Baltic_coastal_transect
ERS4036404,ERP117856,aquatic;sea,WGS,2015-09-03,54.50727667,12.9552,3,Baltic_coastal_transect
ERS4036409,ERP117856,aquatic;sea,WGS,2013-04-16,56.938436,17.06204,2,Baltic_coastal_transect
ERS4036398,ERP117856,aquatic;sea,WGS,2015-08-31,57.987,16.9491,2,Baltic_coastal_transect
ERS4036410,ERP117856,aquatic;sea,WGS,2013-04-22,56.938436,17.06204,2,Baltic_coastal_transect
ERS4036394,ERP117856,aquatic;sea,WGS,2015-08-29,62.4157,19.4149,2.3,Baltic_coastal_transect
ERS4036406,ERP117856,aquatic;sea,WGS,2014-11-20,56.938436,17.06204,2,Baltic_coastal_transect
ERS4036378,ERP117856,aquatic;sea,WGS,2015-08-19,54.75925833,17.23787333,1.9,Baltic_coastal_transect
ERS4036400,ERP117856,aquatic;sea,WGS,2015-09-02,55.9388,14.9345,2.1,Baltic_coastal_transect
ERS464444,ERP005924,aquatic;sea,AMPLICON,2011-09-05,43.67,-5.58,NA,Gijon_rare_seasonality
ERS464430,ERP005924,aquatic;sea,AMPLICON,2010-01-19,43.67,-5.58,NA,Gijon_rare_seasonality
ERS1836186,ERP005924,NA,AMPLICON,2010-11-30,43.67,-5.58,NA,Gijon_rare_seasonality
ERS464456,ERP005924,aquatic;sea,AMPLICON,2012-06-14,43.67,-5.58,NA,Gijon_rare_seasonality
ERS464439,ERP005924,aquatic;sea,AMPLICON,2010-12-12,43.67,-5.58,NA,Gijon_rare_seasonality
ERS464461,ERP005924,aquatic;sea,AMPLICON,2012-11-15,43.67,-5.58,NA,Gijon_rare_seasonality
ERS464434,ERP005924,aquatic;sea,AMPLICON,2010-05-13,43.67,-5.58,NA,Gijon_rare_seasonality
ERS1836190,ERP005924,NA,AMPLICON,2011-11-17,43.67,-5.58,NA,Gijon_rare_seasonality
ERS1836185,ERP005924,NA,AMPLICON,2010-05-13,43.67,-5.58,NA,Gijon_rare_seasonality
ERS464429,ERP005924,aquatic;sea,AMPLICON,2009-10-12,43.67,-5.58,NA,Gijon_rare_seasonality
ERS464451,ERP005924,aquatic;sea,AMPLICON,2012-01-18,43.67,-5.58,NA,Gijon_rare_seasonality
ERS464443,ERP005924,aquatic;sea,AMPLICON,2011-04-18,43.67,-5.58,NA,Gijon_rare_seasonality
ERS464424,ERP005924,aquatic;sea,AMPLICON,2009-07-14,43.67,-5.58,NA,Gijon_rare_seasonality
ERS1836184,ERP005924,NA,AMPLICON,2010-04-20,43.67,-5.58,NA,Gijon_rare_seasonality
ERS464455,ERP005924,aquatic;sea,AMPLICON,2012-05-23,43.67,-5.58,NA,Gijon_rare_seasonality
ERS464438,ERP005924,aquatic;sea,AMPLICON,2010-10-19,43.67,-5.58,NA,Gijon_rare_seasonality
ERS464460,ERP005924,aquatic;sea,AMPLICON,2012-10-19,43.67,-5.58,NA,Gijon_rare_seasonality
ERS464447,ERP005924,aquatic;sea,AMPLICON,2011-11-08,43.67,-5.58,NA,Gijon_rare_seasonality
ERS464433,ERP005924,aquatic;sea,AMPLICON,2010-04-20,43.67,-5.58,NA,Gijon_rare_seasonality
ERS464428,ERP005924,aquatic;sea,AMPLICON,2009-11-17,43.67,-5.58,NA,Gijon_rare_seasonality
ERS464450,ERP005924,aquatic;sea,AMPLICON,2011-11-17,43.67,-5.58,NA,Gijon_rare_seasonality
ERS1836183,ERP005924,NA,AMPLICON,2010-01-19,43.67,-5.58,NA,Gijon_rare_seasonality
ERS464437,ERP005924,aquatic;sea,AMPLICON,2010-09-08,43.67,-5.58,NA,Gijon_rare_seasonality
ERS464442,ERP005924,aquatic;sea,AMPLICON,2011-03-15,43.67,-5.58,NA,Gijon_rare_seasonality
ERS464459,ERP005924,aquatic;sea,AMPLICON,2012-11-09,43.67,-5.58,NA,Gijon_rare_seasonality
ERS464454,ERP005924,aquatic;sea,AMPLICON,2012-02-05,43.67,-5.58,NA,Gijon_rare_seasonality
ERS464446,ERP005924,aquatic;sea,AMPLICON,2011-07-14,43.67,-5.58,NA,Gijon_rare_seasonality
ERS464427,ERP005924,aquatic;sea,AMPLICON,2009-10-19,43.67,-5.58,NA,Gijon_rare_seasonality
ERS464432,ERP005924,aquatic;sea,AMPLICON,2010-03-16,43.67,-5.58,NA,Gijon_rare_seasonality
ERS1836182,ERP005924,NA,AMPLICON,2009-10-12,43.67,-5.58,NA,Gijon_rare_seasonality
ERS1836189,ERP005924,NA,AMPLICON,2011-09-05,43.67,-5.58,NA,Gijon_rare_seasonality
ERS464449,ERP005924,aquatic;sea,AMPLICON,2011-10-13,43.67,-5.58,NA,Gijon_rare_seasonality
ERS464436,ERP005924,aquatic;sea,AMPLICON,2010-07-15,43.67,-5.58,NA,Gijon_rare_seasonality
ERS464441,ERP005924,aquatic;sea,AMPLICON,2011-02-24,43.67,-5.58,NA,Gijon_rare_seasonality
ERS1836193,ERP005924,NA,AMPLICON,2012-11-12,43.67,-5.58,NA,Gijon_rare_seasonality
ERS1836188,ERP005924,NA,AMPLICON,2011-04-18,43.67,-5.58,NA,Gijon_rare_seasonality
ERS464458,ERP005924,aquatic;sea,AMPLICON,2012-02-08,43.67,-5.58,NA,Gijon_rare_seasonality
ERS464426,ERP005924,aquatic;sea,AMPLICON,2009-11-09,43.67,-5.58,NA,Gijon_rare_seasonality
ERS464453,ERP005924,aquatic;sea,AMPLICON,2012-03-13,43.67,-5.58,NA,Gijon_rare_seasonality
ERS464445,ERP005924,aquatic;sea,AMPLICON,2011-06-21,43.67,-5.58,NA,Gijon_rare_seasonality
ERS464431,ERP005924,aquatic;sea,AMPLICON,2010-02-17,43.67,-5.58,NA,Gijon_rare_seasonality
ERS464457,ERP005924,aquatic;sea,AMPLICON,2012-03-07,43.67,-5.58,NA,Gijon_rare_seasonality
ERS464448,ERP005924,aquatic;sea,AMPLICON,2011-09-26,43.67,-5.58,NA,Gijon_rare_seasonality
ERS1836192,ERP005924,NA,AMPLICON,2012-02-05,43.67,-5.58,NA,Gijon_rare_seasonality
ERS464462,ERP005924,aquatic;sea,AMPLICON,2012-11-12,43.67,-5.58,NA,Gijon_rare_seasonality
ERS1836187,ERP005924,NA,AMPLICON,2010-12-12,43.67,-5.58,NA,Gijon_rare_seasonality
ERS464435,ERP005924,aquatic;sea,AMPLICON,2010-08-06,43.67,-5.58,NA,Gijon_rare_seasonality
ERS464440,ERP005924,aquatic;sea,AMPLICON,2011-01-18,43.67,-5.58,NA,Gijon_rare_seasonality
ERS464452,ERP005924,aquatic;sea,AMPLICON,2012-10-02,43.67,-5.58,NA,Gijon_rare_seasonality
ERS464425,ERP005924,aquatic;sea,AMPLICON,2009-06-08,43.67,-5.58,NA,Gijon_rare_seasonality
ERS1836191,ERP005924,NA,AMPLICON,2012-03-13,43.67,-5.58,NA,Gijon_rare_seasonality
